3072 3 3 0
-0.008418431372543224 0.009742745098031146 -0.0013243137254903643
0.0020733333333336204 -0.002854117647059169 0.0007807843137254708
-0.02883882352940387 0.028507058823526804 0.0003317647058823269
-0.009877647058818497 0.01487450980391161 -0.004996862745096751
0.0010301960784312423 -0.005815294117647134 0.004785098039215781
-0.024756078431362773 0.02893372549018409 -0.004177647058823273
0.021340784313731296 -0.013918039215693883 -0.007422745098038108
0.02113137254902801 -0.017162745098045783 -0.0039686274509805825
0.007251764705880728 0.0052756862745100795 -0.012527450980389494
0.0012941176470586302 -0.010203137254903811 0.00890901960784338
-0.011987450980391433 -0.007570196078428685 0.019557647058824037
-0.018425098039214636 0.004843921568627764 0.01358117647059121
0.005307450980391453 -0.005378823529409815 7.137254901964398e-05
-0.009292941176469918 0.016711372549017785 -0.007418431372550483
0.0006321568627456647 0.0050223529411768265 -0.005654509803921644
0.002687843137255895 -0.005350980392155788 0.0026631372549013443
-0.013179215686272406 0.008636078431372663 0.0045431372549030406
-0.0142874509803928 -0.008653333333333197 0.022940784313727345
0.009968627450979062 0.005546274509806032 -0.015514901960779712
-0.0021905882352938107 0.013148235294114565 -0.01095764705882335
-0.004549803921570298 -0.012858431372551177 0.017408235294119254
0.02797058823530151 -0.007287450980391991 -0.020683137254904393
0.021027450980395938 -0.008353725490194962 -0.012673725490195987
0.004387058823529646 -0.013764313725491367 0.009377254901961648
-0.0009098039215687573 0.0013956862745100201 -0.00048588235294131347
-0.0042180392156874035 0.00462862745098095 -0.0004105882352940473
-0.004462745098040392 6.941176470594091e-05 0.004393333333333541
0.00742627450980383 0.008021568627451802 -0.015447843137254716
0.0036831372549024958 0.006815686274510678 -0.010498823529412544
0.011079607843136765 0.006290588235294703 -0.017370196078429326
-0.0014223529411763365 0.004217254901961003 -0.002794901960784583
-0.0038678431372551896 -0.009391764705881595 0.01325960784313534
0.020980392156865146 -0.015651372549023896 -0.0053290196078422
-0.006849411764706974 0.01249215686274561 -0.005642745098038403
-0.011362745098038304 0.0026847058823520407 0.008678039215686627
-0.003758039215686784 0.0038843137254913327 -0.00012627450980375957
0.0012670588235292053 -0.003729803921569008 0.0024627450980391954
0.002038039215686252 0.005269803921569349 -0.007307843137253892
-0.014980392156859182 0.0010239215686276232 0.013956470588232133
0.018040000000000157 -0.016320784313725148 -0.0017192156862749896
0.026186666666665644 -0.004332156862744947 -0.021854509803919227
-0.0017843137254902103 -0.002978431372549014 0.0047627450980393185
-0.012110196078430894 -0.006632156862744063 0.018742352941175898
-0.004940392156863144 0.0199258823529403 -0.014985490196077943
-0.03242117647058859 0.012281960784312243 0.020139215686273065
0.013081568627454796 -0.00663803921568484 -0.006443529411764663
0.007268627450979366 0.019517254901959886 -0.02678588235294261
-0.011041960784308809 0.00921098039215537 0.0018309803921569465
0.003572549019605618 -0.0062231372549020406 0.002650588235294985
-0.006858823529413168 0.0022215686274523923 0.004637254901961486
-0.01185843137254966 -0.003071764705881699 0.014930196078431742
0.014454901960791355 -0.006935686274505716 -0.00751921568627572
0.0007031372549019661 -0.0040066666666665 0.003303529411764486
0.010199607843136392 -0.011642352941177514 0.0014427450980390335
0.0027815686274508273 0.014634509803917051 -0.01741607843136983
-0.028976078431373124 0.019210196078427826 0.00976588235294139
0.0012219607843139137 0.002634901960785706 -0.0038568627450982175
0.006946666666666042 -0.006038823529410407 -0.0009078431372548653
-0.014017647058820668 0.008909019607842681 0.005108627450981502
0.011424705882352698 -0.012494509803924659 0.0010698039215684435
0.004766274509803 -0.0027901960784283185 -0.0019760784313723667
-0.011553333333334505 0.004494509803921305 0.0070588235294100415
0.006718431372548792 -0.013393333333333111 0.006674901960784185
0.004700000000000093 0.004155294117646909 -0.008855294117648058
-0.006745098039217634 0.012278039215685366 -0.005532941176470848
-0.006595686274511593 -0.004432156862744492 0.011027843137256051
0.001767843137254735 -0.005049803921567815 0.0032819607843133105
-0.010132941176469467 0.010363921568625655 -0.00023098039215685754
-0.01920862745097625 0.00128156862745118 0.017927058823529587
0.006344705882352389 0.006397254901961596 -0.012741960784314032
-0.002242352941175714 0.013991764705880273 -0.011749411764704955
-0.017258431372544205 0.013034117647059754 0.004224313725490975
-0.006146274509805098 -0.002339215686273905 0.008485490196078607
-0.012167450980391927 -0.0059509803921556316 0.018118431372553118
-0.01111372549019506 -0.005495294117646924 0.01660901960784398
0.007813725490193345 0.0019713725490194387 -0.00978509803921742
0.0050321568627451204 -0.01087921568627504 0.0058470588235294855
0.0041211764705883745 -0.0005333333333332967 -0.00358784313725465
0.009153725490197752 -0.005452941176470632 -0.003700784313725663
0.008531764705882613 -0.013287058823533237 0.004755294117646883
0.013166274509806196 -0.004109019607841162 -0.00905725490196117
-0.013114509803917372 0.00151882352941191 0.011595686274510523
-0.020298823529408226 -0.0008603921568630492 0.02115921568627188
-0.02088117647058439 0.01160627450980471 0.009274901960783498
0.00940509803921613 -0.0008392156862742822 -0.008565882352942245
-0.002642352941176275 -0.0037525490196084845 0.006394901960784145
-0.016068235294115937 0.00679529411764899 0.009272941176470047
0.01563882352941714 -0.0019419607843128095 -0.013696862745096973
0.00700352941176872 -0.003519215686273307 -0.0034843137254901247
0.001557254901959101 -0.000792549019607829 -0.0007647058823530362
-0.002217647058822619 -0.015054117647065858 0.01727176470588379
-0.007630196078431937 0.00653764705882465 0.001092549019607457
-0.006416078431374333 -0.006705098039213891 0.01312117647058776
0.002484313725490203 -0.00754745098039211 0.0050631372549017764
-0.000945490196078669 0.02472823529411375 -0.02378274509803284
0.011104313725491725 0.007310980392154709 -0.018415294117646048
-0.010246666666662069 0.00037686274509809563 0.009869803921567952
-0.0003949019607843804 -0.011385098039217044 0.01177999999999731
-0.015064313725486382 -0.0010815686274509837 0.016145882352940864
-0.005581568627452744 0.003806274509803801 0.00177529411764601
0.007292549019606275 -0.008860784313724137 0.0015682352941174653
-0.00877803921568679 0.009503921568627036 -0.0007258823529412748
0.0020270588235299387 -0.0004929411764704639 -0.0015341176470590645
0.005934901960781905 -0.00555372549019249 -0.00038117647058809453
-0.0028921568627446738 0.009378039215685013 -0.006485882352941805
0.007072156862744906 0.008452549019606952 -0.015524705882351367
0.0033435294117646532 0.00907843137254766 -0.012421960784315757
-0.0016674509803918615 0.017258431372544698 -0.015590980392156463
0.00746156862744883 -0.003789803921568538 -0.0036717647058825353
-0.0014380392156862988 0.0023458823529412596 -0.0009078431372549594
0.002027843137255322 0.0037823529411760612 -0.00581019607843105
-0.001518431372549027 0.002821176470588348 -0.0013027450980392609
-0.010995686274507553 0.014441568627448479 -0.003445882352941318
-0.011025098039212299 -0.00446156862745109 0.015486666666668607
0.006822352941176105 0.01021019607843251 -0.01703254901961014
0.0005572549019607035 0.01273137254902056 -0.013288627450984232
-0.014190588235293853 -0.0010913725490195704 0.015281960784314111
-0.007827843137255241 0.017154901960780858 -0.009327058823531496
-0.00969921568627295 0.013579215686274319 -0.0038800000000015623
-0.024559607843139816 0.011074117647056889 0.013485490196078209
-0.0020478431372548843 -0.0044905882352947995 0.006538431372549369
0.003284313725490156 -0.0036482352941172064 0.0003639215686273614
-0.0014600000000000756 0.000921176470588347 0.000538823529411617
0.0031858823529409986 -0.008461960784314469 0.005276078431373701
0.009328235294116978 -0.022932941176475912 0.013604705882353024
0.0069517647058816205 -0.007521568627450487 0.0005698039215686931
-0.015467058823526073 0.018687843137250516 -0.0032207843137250416
-0.008844705882352874 0.0035294117647068106 0.005315294117646857
0.009489019607842826 0.00898941176470526 -0.01847843137254717
-0.004453725490196475 0.004222745098039583 0.00023098039215663167
0.0015972549019610215 -0.013093725490194157 0.011496470588233627
0.012524313725489867 -0.0011984313725490663 -0.01132588235294182
-0.0002239215686275508 -0.005974117647055275 0.006198039215685693
0.00839411764705685 -0.01098431372548739 0.0025901960784316144
-0.0008443137254902283 -0.009390980392156224 0.01023529411764764
0.008538823529412064 -0.005358431372548113 -0.003180392156862972
0.010160392156862203 -0.0011266666666662798 -0.00903372549019726
-0.01404941176470522 0.002409019607843437 0.011640392156862104
0.01582392156863295 -0.008409803921567274 -0.007414117647059076
0.022996470588237075 0.00027019607843169533 -0.0232666666666679
-0.0006607843137257744 0.0037141176470591297 -0.0030533333333330522
-0.0034890196078434126 -0.011070980392155575 0.014559999999996362
0.0022211764705882464 -0.004930588235292935 0.0027094117647063977
-0.025174117647060165 0.012121960784312566 0.013052156862743778
0.016716862745102205 -0.023350588235297235 0.006633725490197597
0.014043529411768544 -0.02427176470588185 0.01022823529411627
0.005042352941176553 -0.0050952941176447995 5.2941176470690254e-05
-0.005281568627453261 0.007142745098039405 -0.001861176470588098
-0.014541176470587652 -0.004523921568626598 0.01906509803921648
-0.01073725490196396 -0.00192352941176414 0.012660784313726288
-0.005848627450982459 0.015805098039214104 -0.00995647058823599
-0.0221007843137246 0.011134117647060798 0.010966666666665473
-0.006623921568629008 0.010776470588237875 -0.004152549019607276
0.009334901960784216 -0.014458431372549522 0.00512352941176454
-0.005710196078433017 -0.010898823529411584 0.016609019607842595
0.014112156862745858 -0.02047372549020079 0.006361568627450097
-0.007247058823529447 0.0013572549019608936 0.005889803921568656
-0.01272941176470696 0.008908627450981227 0.003820784313725479
0.0021745098039213525 0.004539215686274801 -0.006713725490197296
0.00998745098039238 -0.005507058823528512 -0.004480392156863063
0.005428627450979482 0.0021878431372542393 -0.0076164705882346695
0.012649803921568357 -0.010174117647058875 -0.0024756862745106637
0.02276745098039056 -0.006845882352939814 -0.015921568627450478
0.015971372549020514 0.0016796078431376223 -0.017650980392156033
0.010460392156863067 -0.008478039215684612 -0.0019823529411763688
0.006730196078429963 -0.027806666666669345 0.02107647058823149
2.9019607843212983e-05 -0.02184117647059065 0.02181215686274653
-0.010254901960783862 -0.020549411764706493 0.030804313725492503
0.02245019607843026 0.016244313725487847 -0.038694509803922375
0.02796862745098216 0.004010980392156906 -0.0319796078431379
0.02933372549020076 0.00754745098039219 -0.03688117647058464
-0.02070313725489965 0.023480392156861242 -0.0027772549019613583
-0.013653333333333321 -0.0016443137254900288 0.01529764705882357
-0.008053725490196353 0.00808470588235404 -3.098039215679336e-05
-0.01429372549019613 0.00884745098039227 0.005446274509803457
-0.014543921568627024 -0.005138431372547913 0.019682352941175454
-0.00678470588235504 0.004342745098039846 0.0024419607843128247
0.00013882352941221756 0.007505098039217381 -0.007643921568627577
-0.0023184313725482693 -0.0035411764705887087 0.005859607843137828
-0.0021968627450974507 0.01587254901960671 -0.0136756862745096
0.006754117647059054 0.00565960784313925 -0.012413725490197532
0.002193725490196111 -0.00011215686274506441 -0.0020815686274515627
-0.005801568627451857 0.014087450980388987 -0.008285882352939656
0.02205960784313824 -0.0036658823529412635 -0.01839372549019586
0.02428862745098328 -0.006006666666665554 -0.01828196078431371
0.01223647058823685 0.000786274509803764 -0.013022745098037867
-0.0048521568627449 -0.01924745098039679 0.024099607843139137
-0.0017592156862744535 -0.007359215686271977 0.009118431372548268
-0.008253333333333668 -0.00905176470588087 0.01730509803921477
-0.011793725490190083 -0.003084705882352601 0.014878431372549687
0.0031576470588235346 0.01179333333333089 -0.014950980392157661
-0.003498431372550687 0.0066521568627442565 -0.0031537254901967482
0.006735686274508757 0.008674901960786163 -0.015410588235295458
0.02286039215686814 -0.001929803921569887 -0.020930588235293906
0.012654117647062875 -0.023638823529418325 0.010984705882351935
-0.014524705882347515 -0.002274509803921423 0.01679921568627579
0.0027721568627458973 -0.019247450980397044 0.016475294117647175
-0.002870196078431203 -0.03262862745098255 0.03549882352940892
0.00019843137254902247 -0.007171372549018087 0.006972941176470216
0.008368235294114673 -0.018119607843141847 0.009751372549020029
0.005769411764705796 -0.02554352941177225 0.019774117647064906
0.003569019607843944 0.002208627450980309 -0.005777647058824312
-0.004654901960784288 0.0020643137254895013 0.002590588235294288
-0.002982745098038762 -0.0003039215686272571 0.0032866666666667614
0.028282745098044598 -0.011310980392161104 -0.016971764705881714
0.018830980392155222 -0.010500784313724691 -0.008330196078432018
0.01965607843137392 -0.01166588235294145 -0.007990196078430992
0.005412941176469216 0.0003282352941176836 -0.005741176470588563
-0.00581843137254929 0.007287058823529822 -0.0014686274509803547
-0.005817254901961364 0.003731764705881607 0.002085490196078198
-0.003499999999999885 0.0019231372549023404 0.0015768627450972236
0.00011058823529443303 -0.0031309803921555986 0.0030203921568621177
-0.007225882352941407 -0.010721960784318686 0.017947843137256694
0.00816627450980309 -0.0026603921568628427 -0.005505882352941203
0.014121568627452563 -0.011069411764703031 -0.0030521568627448568
0.0130505882352947 -0.01874666666667051 0.00569607843137249
0.004070588235294426 -0.004135686274509899 6.509803921566168e-05
0.017032941176475094 -0.007600392156860176 -0.0094325490196099
0.0182054901960727 -0.0009078431372551577 -0.017297647058821985
-0.004564705882354514 0.004302745098040597 0.00026196078431375705
0.010208627450979646 -0.012688235294115705 0.0024796078431372
0.014985490196076761 0.0018870588235291137 -0.016872549019606314
-0.01586705882352811 0.02558980392155909 -0.009722745098039382
0.0013972549019604461 0.005280000000000968 -0.006677254901962134
0.008442352941175863 0.014229803921566463 -0.02267215686274645
-0.009374901960784755 -0.010081568627452436 0.01945647058823571
0.0034603921568622307 -0.030053725490196557 0.02659333333333005
0.010534901960785669 -0.02657294117646619 0.01603803921568581
0.004429019607843551 0.011105882352942874 -0.015534901960784213
0.010309411764706233 0.003948235294117777 -0.01425764705882266
0.011980392156864413 0.0016337254901962028 -0.0136141176470576
-0.006807058823530318 0.006519607843139422 0.0002874509803920661
-0.001472941176470593 0.006480392156863274 -0.005007450980392039
-0.0015109803921565363 0.008310196078431153 -0.006799215686274542
-0.0006992156862745279 -0.01214235294117557 0.0128415686274499
-0.0031701960784318644 -0.008471764705878003 0.011641960784313211
-0.008321960784313645 -0.000128627450980411 0.008450588235293212
-0.00585215686274464 0.014280000000002376 -0.008427843137256457
-0.0007039215686276459 0.014018039215689697 -0.013314117647062303
-0.005324313725490351 0.033314117647056864 -0.027989803921575428
0.006884705882351836 0.004122352941177485 -0.011007058823530848
0.007623921568626635 -0.004602352941176295 -0.0030215686274516922
-0.0017345098039217362 0.03276431372548776 -0.031029803921568667
-0.007070196078432138 -0.01255019607843232 0.019620392156862534
-0.009449411764706516 -0.017661568627449283 0.027110980392152696
-0.013370196078431654 0.012461568627449716 0.0009086274509803835
0.02123411764705936 -0.011336862745097735 -0.00989725490196097
0.010671764705880363 -0.011203137254897839 0.0005313725490197502
0.018429019607842104 0.00614823529411917 -0.024577254901958848
-0.005257254901961284 0.007735686274510276 -0.0024784313725487884
-0.013916862745097068 0.010738039215686604 0.0031788235294112825
-0.004548627450981096 0.015447450980392049 -0.010898823529413603
-0.005355294117648191 0.0032705882352939753 0.002084705882352917
-0.006341960784313546 0.008579607843138477 -0.0022376470588234224
0.006185882352940125 0.010114901960784801 -0.016300784313725763
-0.0059968627450991095 -0.009666274509801162 0.015663137254898287
-0.0029141176470583842 -0.008192941176469511 0.011107058823528448
0.007325490196076261 -0.006070196078430681 -0.001255294117647115
-0.004963529411764743 0.0029984313725491965 0.001965098039215706
-0.0009470588235293688 0.0006807843137255174 0.0002662745098040248
-0.012425882352939177 0.009818823529409723 0.0026070588235293946
-0.002252156862745336 0.00996705882353073 -0.0077149019607845185
-0.0010188235294117864 0.0005015686274512708 0.0005172549019606483
-0.011789019607842212 0.01403725490196239 -0.0022482352941173215
-0.012354901960782575 0.0009384313725494993 0.011416470588234922
-0.013491372549019888 -0.016969019607842285 0.030460392156859452
-0.010188235294117352 0.0020611764705879957 0.008127058823528323
0.0016219607843134087 0.00771372549019769 -0.009335686274510533
-0.00045137254901952034 -0.011881176470588088 0.01233254901960845
0.004072549019607981 0.014326274509802651 -0.018398823529410083
5.0196078431390165e-05 0.011292156862739313 -0.011342352941170879
0.005577647058821994 -0.003987843137254945 -0.001589803921568323
0.012605098039216434 0.012728627450978464 -0.025333725490194574
0.005342745098037263 -0.007428235294116199 0.0020854901960782966
0.01150352941176571 -0.020280000000002678 0.008776470588235
0.011253725490196312 -0.0010760784313729084 -0.010177647058826032
-0.009872156862744869 -0.0016796078431372589 0.011551764705882305
0.0006015686274510252 -0.002749803921568242 0.002148235294117326
-0.0032396078431371775 0.004255294117647474 -0.0010156862745096156
-0.0030964705882350015 -0.013850196078434946 0.01694666666666756
0.012081568627453609 -0.013866274509805973 0.0017847058823532093
0.001919215686274467 -0.018008235294119913 0.01608901960784089
0.004714509803921552 -0.013637254901965577 0.00892274509803913
0.020092549019611248 -0.0030831372549019343 -0.017009411764707057
0.00937450980392197 -0.0014603921568625603 -0.007914117647058063
-0.020069019607839852 0.014567450980387656 0.005501568627450199
-0.005618039215686964 0.03263294117646936 -0.02701490196078649
-0.01655960784313506 0.039487450980390595 -0.022927843137247755
-0.011101176470585582 0.023133725490192367 -0.012032549019607057
0.015065882352948264 0.010211764705881164 -0.025277647058817267
0.013642745098043559 -0.028470196078434436 0.014827450980390792
-0.009561568627445565 0.033794509803918876 -0.024232941176468115
0.013076078431374321 0.02213450980391936 -0.03521058823529127
0.013432941176469931 -0.005532549019607925 -0.007900392156862904
-0.02636352941176535 0.0320031372548995 -0.0056396078431357605
-0.018168235294114987 0.03643176470588417 -0.018263529411761955
-0.013027843137255083 0.021352549019599792 -0.008324705882351508
0.008928627450982454 -0.017694901960789877 0.008766274509802887
0.004888235294117962 -0.010090980392159382 0.005202745098038188
0.009530196078433554 -0.010814117647061508 0.0012839215686271243
-0.006208235294118446 -0.009072156862745795 0.015280392156863113
-0.0161662745098035 -0.00528901960784305 0.02145529411764912
-0.013229803921570844 -0.0006121568627451966 0.013841960784315715
-0.006958039215688145 -0.0009909803921565648 0.00794901960784299
-0.015758039215683136 0.003347450980392779 0.012410588235294838
-0.012710980392157704 0.00504549019607915 0.007665490196078612
-0.004003921568627049 0.0022337254901961872 0.0017701960784310953
-0.003548627450979998 0.007414117647059297 -0.0038654901960783732
0.001721176470588113 -0.003380784313726524 0.0016596078431374002
-0.02145058823529145 0.013825098039211246 0.00762549019607803
-0.0162937254901981 0.015667843137253695 0.0006258823529411271
-0.008892549019608344 0.003663137254903372 0.00522941176470519
-0.011861960784311482 0.010699607843135188 0.0011623529411764445
0.0021670588235293857 0.005370980392158145 -0.007538039215686206
0.005283921568627633 0.00652313725490191 -0.011807058823530153
-0.035345882352941255 0.013835686274509387 0.021510196078429432
-0.015134117647059905 0.0029345098039215032 0.012199607843140099
-0.012927058823529805 0.008660784313725594 0.00426627450980401
-0.009297647058822677 0.0016207843137258727 0.007676862745097403
0.010826666666668018 -0.011132549019607255 0.0003058823529412774
0.012127843137254983 -0.005426666666666176 -0.006701176470588913
0.0020874509803920816 -0.003065490196078378 0.0009780392156864388
0.013500000000001698 -0.007294117647056017 -0.00620588235294163
0.016123529411767538 -0.003748627450980006 -0.012374901960785107
-0.005363921568627318 0.009991764705886292 -0.004627843137255091
0.0017698039215674971 0.004679607843138426 -0.0064494117647073594
0.00332392156862759 0.005366274509805003 -0.00869019607843168
-0.012969019607839494 -0.0017270588235292657 0.01469607843136897
-0.010036078431371841 -0.004454901960785707 0.014490980392159104
-0.00639843137254921 -0.007143529411762801 0.013541960784313717
0.00878980392156789 -0.013669411764709347 0.004879607843139507
0.00764627450980338 -0.011630588235294526 0.003984313725488912
0.02181333333333592 -0.012651764705881868 -0.009161568627451105
0.00803999999999975 -0.016070588235294062 0.008030588235292945
0.00745215686274529 -0.01721098039215243 0.00975882352941023
0.018856078431371385 -0.007045882352940377 -0.011810196078431118
-0.009397254901960635 -0.009326274509803072 0.018723529411763327
-0.00437254901960772 -0.020237647058825237 0.024610196078433073
-0.011702352941177607 0.011575294117647829 0.00012705882352938674
0.007014901960784227 0.008578039215686145 -0.015592941176471626
0.010457647058821544 -0.00545607843137195 -0.005001568627451033
-0.0013098039215686701 0.024155294117645974 -0.022845490196078733
0.009572941176472314 -0.021785098039217507 0.012212156862742024
0.007816078431373158 -0.02801764705883191 0.02020156862745143
0.004464705882353904 -0.012035294117641827 0.0075705882352938405
-0.008226274509803677 0.002548627450980856 0.005677647058823973
-0.012374901960785969 -0.0015294117647059499 0.01390431372548977
-0.009767058823530414 0.012197647058825502 -0.0024305882352942667
-0.008023137254901645 -0.010270196078430834 0.018293333333333044
-0.004354509803922122 -0.004094509803921743 0.008449019607843845
0.009272156862744668 0.006106274509804813 -0.015378431372548055
-0.006030196078431998 -0.005046666666665654 0.011076862745097593
-0.0003788235294116048 -0.0025313725490197932 0.0029101960784312457
0.005070980392157141 0.003332941176470288 -0.008403921568627917
-0.0033145098039211607 0.007290980392156125 -0.0039764705882369975
0.006966666666666498 -0.0028580392156859766 -0.004108627450980363
0.005156470588235729 0.00692745098039335 -0.012083921568625524
-0.004254509803922216 0.006719215686276325 -0.0024647058823529166
0.0002117647058823215 -0.004268235294117369 0.004056470588235241
0.007669411764706044 -0.00029098039215708305 -0.007378431372548599
-0.01568627450980484 0.01618509803921724 -0.0004988235294117955
-0.016871372549017584 -0.0005341176470588059 0.017405490196080394
-0.013481176470587056 0.016550196078429627 -0.003069019607843086
0.006912549019607793 0.00908235294117623 -0.015994901960784267
-0.00461254901960829 -0.009147450980396843 0.013759999999999679
0.009735686274511072 0.0022980392156863624 -0.012033725490198613
-0.006661568627451612 -0.00045058823529419963 0.007112156862745157
-0.0071827450980393665 -0.014169411764706983 0.02135215686274344
0.0005874509803919936 0.0022372549019609445 -0.002824705882352527
0.0023023529411762556 0.003158039215686109 -0.005460392156862631
0.008335686274509379 -0.007079215686274167 -0.0012564705882353569
0.00557764705882278 0.006850588235295433 -0.012428235294115984
-0.00844901960784255 -0.0014713725490196807 0.009920392156862882
0.0068827450980392954 -0.0013866666666666261 -0.005496078431372354
0.0027235294117647605 -0.0009454901960783256 -0.001778039215686381
-0.0048992156862749615 -0.0026709803921554785 0.0075701960784309566
0.015132549019609098 -0.0026435294117633143 -0.012489019607842404
0.003621568627451002 -0.0031164705882349604 -0.0005050980392157025
-0.027052941176467605 0.014523137254898032 0.012529803921569284
-0.010269019607842607 0.017146666666665575 -0.0068776470588245535
-0.022287843137249963 0.023198823529402286 -0.0009109803921568625
-0.004585490196079029 -0.018254509803924093 0.022839999999999562
0.011574901960785955 -0.013928235294119783 0.002353333333333386
0.003142352941176674 -0.010247843137256019 0.007105490196078084
-0.03736196078431461 0.034232156862741475 0.0031298039215681348
-0.00992274509803846 0.020810588235289442 -0.010887843137255354
0.003330588235294058 -0.01088941176470944 0.007558823529410209
-0.01374156862744772 -0.00799411764705817 0.021735686274512226
0.01564588235294311 -0.017289411764708603 0.0016435294117645887
0.01786117647058888 -0.038032156862750945 0.02017098039216009
-0.0037799999999993525 0.0003552941176463232 0.0034247058823528346
0.006410588235293302 0.006625098039217145 -0.013035686274508905
0.01025176470588266 -0.0023101960784313673 -0.00794156862745097
-0.0011396078431373607 -0.004222745098038339 0.005362352941176405
-0.0035850980392151174 0.007363529411767238 -0.0037784313725493335
0.0034803921568630934 0.006338431372549996 -0.009818823529411668
0.012943529411766418 -0.01286392156862874 -7.960784313695478e-05
0.0032101960784318142 -0.006390196078428654 0.0031799999999995395
0.004380392156862324 0.0044780392156861595 -0.008858431372549342
-0.001419607843137244 -0.006809803921568048 0.00822941176470602
-0.004900784313725389 0.0006345098039217454 0.004266274509803118
-0.00923294117646998 0.01887843137254794 -0.009645490196078925
0.011628235294119415 -0.019000000000003108 0.0073717647058818316
0.020872156862747734 -0.011143921568629303 -0.00972823529411519
0.018086666666667427 -0.00754313725490234 -0.010543529411764813
-0.015394901960783972 0.009970980392154875 0.005423921568627238
-0.003390980392156677 0.01298392156862402 -0.009592941176468047
-0.0009141176470589514 0.013214117647058696 -0.012300000000001907
0.00268862745098065 -0.008884705882353171 0.006196078431373641
0.017246666666665165 -0.006961960784312703 -0.010284705882351971
0.015118431372547314 -0.006159215686274862 -0.008959215686274244
-0.010809411764701517 -0.017539607843139668 0.028349019607847067
0.009784705882353069 -0.023265882352945584 0.013481176470587386
0.0023592156862744917 -0.020383137254907507 0.018023921568633482
-0.009460392156862275 0.010031764705882145 -0.0005713725490196224
0.006392156862745463 0.00618156862745109 -0.012573725490197168
-0.0065298039215690535 0.003900392156863033 0.0026294117647058792
-0.014780392156860929 0.006298431372550021 0.008481960784313455
-0.0004984313725490728 0.0121396078431373 -0.011641176470590006
-0.010790588235293 0.00884862745098004 0.0019419607843137174
-0.00788117647058814 0.0023011764705872144 0.005580000000000333
0.0012105882352941803 0.009678039215687231 -0.010888627450980001
-0.008343921568626558 0.005483921568628074 0.0028600000000002916
0.0007588235294117815 0.0031811764705885507 -0.003940000000000319
0.014248627450979797 -0.007318039215685403 -0.0069305882352942855
-9.921568627483526e-05 -0.0018043137254901297 0.0019035294117644315
-0.00878352941176516 0.018243137254903327 -0.00945960784313778
-0.005427843137254951 0.009465098039216588 -0.004037254901960544
0.0014066666666665423 0.006301568627452453 -0.0077082352941188845
-0.03347176470587958 0.020821960784311953 0.012649803921566977
-0.026478431372552343 0.01183764705882523 0.014640784313723195
-0.021865490196072555 0.015899215686276034 0.005966274509804136
0.008311764705884255 0.0060431372549015734 -0.014354901960787618
0.02605725490196189 -0.013176078431371195 -0.012881176470590795
0.012919215686277368 -0.007938039215685987 -0.004981176470587879
-0.004181176470588339 0.014755686274510049 -0.010574509803921692
0.022379607843138388 -0.013423137254899771 -0.008956470588235364
0.003007058823529341 -0.006406666666665535 0.0033996078431372187
-0.013638823529411885 0.009752549019608509 0.0038862745098037768
-0.0027364705882356143 -0.0013380392156858894 0.0040745098039219685
-0.01097411764705872 -0.0037980392156859665 0.014772156862745042
0.014069411764707333 -0.00526235294117645 -0.008807058823530034
0.011176862745098534 -0.003445098039215678 -0.007731764705882819
0.00663803921568623 -0.005452156862744643 -0.0011858823529415845
-0.002631764705882397 -0.008662352941176137 0.011294117647058463
0.004627843137254211 -0.0020725490196078526 -0.002555294117646868
0.009403921568626563 -0.005794117647058974 -0.003609803921568035
-0.006028235294118239 -0.0033580392156857793 0.0093862745098029
0.00026745098039213615 0.00967137254901929 -0.009938823529411816
0.0037733333333339076 0.002361960784313663 -0.006135294117647259
-0.007783137254903094 0.007125098039215852 0.0006580392156863299
0.0009882352941177586 0.013369411764706823 -0.014357647058824054
0.000950980392156745 0.003442352941176564 -0.004393333333333041
0.002897647058823333 0.006495294117648926 -0.009392941176473033
0.008804313725489675 0.006773333333333715 -0.015577647058823783
0.011304313725490412 -0.009408235294116872 -0.001896078431372737
0.017400784313726755 0.0019690196078436437 -0.01936980392156779
0.006646274509803824 0.0020376470588238287 -0.008683921568626575
0.009602352941176713 -0.0048752941176456255 -0.0047270588235313335
0.003765490196078433 0.007281960784315221 -0.01104745098039183
-0.008433725490197391 -0.007659215686271885 0.016092941176468836
-0.0006356862745094539 -0.009777254901960129 0.010412941176469893
0.01624039215686642 -0.00448431372549112 -0.011756078431370876
0.010977647058824163 -0.018722352941181457 0.007744705882352758
0.017892941176470403 -0.01834627450980558 0.000453333333333222
0.004258039215686669 -0.005426274509802349 0.0011682352941174263
5.647058823530961e-05 -0.012270588235297714 0.012214117647062097
0.002789019607843498 -0.010439999999996778 0.007650980392155968
-0.01846549019607703 0.006242745098040347 0.012222745098037637
-0.0024796078431366295 0.003764705882352315 -0.0012850980392156814
-0.0035811764705880426 -0.0010298039215684894 0.00461098039215749
-0.008021176470589782 0.008427843137256112 -0.00040666666666658226
0.014539607843138258 0.0013200000000000267 -0.01585960784313451
0.0063709803921568045 -0.0007670588235293747 -0.005603921568628172
-0.016569411764700767 0.006441960784315367 0.010127450980390433
0.00138431372549036 0.0014921568627447894 -0.002876470588235503
-0.010152941176470509 0.0004796078431385448 0.009673333333332758
-0.010034509803918087 0.013648627450977481 -0.0036141176470588926
0.0055274509803912904 0.002671372549020776 -0.008198823529411791
-0.002458431372550272 0.005185098039218622 -0.002726666666666603
-0.011815294117642438 0.010613725490194504 0.0012015686274507692
0.013176862745101391 -0.00291647058823554 -0.010260392156863127
0.010277254901962017 -0.021847450980396418 0.011570196078430748
-0.028510196078430368 0.007334901960787514 0.021175294117653818
-0.003085098039217357 -0.007818039215685935 0.010903137254901371
-0.012247843137253172 -0.01016352941176672 0.022411372549021494
0.0024686274509801917 -0.0014392156862741334 -0.0010294117647059683
0.008532156862743995 0.005353333333333801 -0.013885490196077594
0.012756862745096785 -0.004379999999999726 -0.00837686274509726
-0.00041803921568635944 -0.004339607843134828 0.004757647058823535
-0.0027270588235289626 0.009099607843138463 -0.006372549019608047
-0.0036270588235293557 0.008776862745099196 -0.005149803921568812
0.023264313725492956 -0.02580039215686815 0.0025360784313718447
0.00848823529411741 -0.008910980392158704 0.0004227450980392023
0.011485490196078212 -0.0018160784313726978 -0.00966941176470509
0.02454078431372575 -0.024468627450990054 -7.215686274499997e-05
0.01577686274510353 -0.010969803921570334 -0.004807058823529375
0.010410588235296163 0.019865882352941896 -0.0302764705882381
-0.008111372549019953 -0.01067019607843248 0.01878156862745233
0.0006901960784311862 -0.010605882352941954 0.00991568627450877
0.004001960784313759 -0.00948274509803815 0.005480784313725953
-0.037836078431376895 0.021780000000000327 0.016056078431370992
-0.02385176470587977 0.02033372549019599 0.0035180392156862832
-0.027387058823524223 0.017476470588233727 0.009910588235290422
0.008742745098038981 -0.02108039215687133 0.012337647058821493
0.022153333333336155 -0.02185058823529936 -0.0003027450980392337
0.021607058823527328 -0.02764352941176625 0.006036470588235995
-0.013023529411762364 0.028889803921570048 -0.015866274509806797
-0.0009627450980390501 0.025379999999995816 -0.02441725490195955
-0.014010980392157035 0.02169372549019512 -0.007682745098039217
0.015077647058825791 -0.007489411764705078 -0.007588235294118294
0.018116078431372133 0.00936862745098053 -0.02748470588234744
-0.002514117647058593 -0.002053725490195852 0.004567843137254362
0.006587450980392857 -0.007347843137254713 0.0007603921568624735
0.013987843137254723 0.0010839215686275466 -0.01507176470588211
-0.010421568627449694 -0.0023078431372548554 0.012729411764704204
-0.01004705882352868 0.0020968627450981708 0.007950196078432885
0.0028317647058825578 -0.004199215686274385 0.001367450980391886
-0.017040392156863735 0.006192549019607978 0.010847843137255717
0.004443137254901934 -0.011418039215689206 0.006974901960783996
0.018790980392155196 -0.027638039215686278 0.008847058823530065
0.0040027450980392 -0.0150129411764722 0.011010196078432538
0.0003337254901960302 0.00985058823529566 -0.010184313725492375
0.013067843137255633 -0.007603137254901956 -0.005464705882352066
0.015216862745095717 -0.004671764705882373 -0.010545098039214487
-0.012921960784312053 0.016549019607843732 -0.0036270588235291414
0.010403921568628278 -0.004346666666666869 -0.006057254901961298
0.010854117647058669 -0.004249411764705878 -0.006604705882352697
-0.032132156862745766 0.01404980392157098 0.01808235294117558
0.002490588235293423 -0.01305294117647133 0.010562352941173815
-0.019743137254900286 0.004954509803921445 0.014788627450979551
-0.013880000000001481 0.003873725490196137 0.010006274509803409
0.014893333333333635 -0.02100941176470913 0.0061160784313731365
-0.004332549019608023 -0.020733725490199823 0.02506627450981444
0.005938823529410921 0.008974901960782801 -0.014913725490193798
0.007418431372550285 0.006903137254901553 -0.014321568627450465
-0.007018431372547705 -0.003912941176470653 0.010931372549020185
0.013992549019608266 0.0037372549019612667 -0.017729803921570638
0.0005070588235293578 0.015210980392153753 -0.015718039215685504
-0.004523529411764961 0.0011301960784313105 0.0033933333333331377
-0.016521960784312978 -0.006723529411765296 0.02324549019607355
-0.023898823529407517 0.008669411764706142 0.015229411764705764
-0.016374901960784054 0.004515294117647154 0.011859607843137748
-0.012569019607843335 0.001001568627450955 0.011567450980393426
-0.007233333333334556 0.008803137254901986 -0.0015698039215684765
-0.002617647058822933 -0.004096862745096962 0.006714509803921519
-0.021490980392154666 0.008795294117646178 0.012695686274509841
-0.006569019607845979 0.011714901960782453 -0.0051458823529408025
-0.0015007843137254829 -0.007964313725489386 0.009465098039214971
0.003850980392156778 -0.004527058823529244 0.0006760784313727798
0.009404313725490812 -0.004909803921568337 -0.004494509803921763
0.008089019607841391 -0.022771764705885763 0.014682745098039816
-0.01358470588234972 0.0165674509803898 -0.0029827450980403148
-0.019254117647059626 0.011829803921568424 0.007424313725489399
-0.011414509803921133 0.00026549019607851693 0.011149019607841688
-0.004384705882353261 0.014314901960781506 -0.009930196078431338
-0.005738823529412632 0.005283137254903773 0.00045568627450979723
0.0030713725490193787 -0.009364313725490158 0.006292941176470514
0.005509803921568415 0.019474901960781388 -0.024984705882356094
0.0005717647058824423 0.01087098039215404 -0.011442745098037745
0.004701960784314094 0.0038149019607841284 -0.008516862745097628
-0.007984705882353019 0.0003560784313726246 0.007628627450979787
-0.01675294117646825 0.002475686274509484 0.014277254901961474
-0.008658039215687093 -0.009534901960783106 0.018192941176472514
0.007586666666666162 -0.0025258823529407948 -0.005060784313725615
0.011169019607843163 0.004346274509805481 -0.015515294117645026
0.014867843137255572 -0.005270980392156556 -0.009596862745097044
-0.003601960784313388 0.0037843137254898198 -0.00018235294117657376
0.011960392156865122 0.004885490196078414 -0.016845882352941443
0.0018631372549010822 -0.0013909803921567329 -0.0004721568627448626
0.015144313725495124 -0.007144705882356604 -0.007999607843137559
0.018795686274510642 -0.0081635294117656 -0.010632156862744949
0.012549803921572147 -0.005414509803921665 -0.007135294117647085
-0.007707843137254191 0.008434901960780793 -0.0007270588235293424
-0.004647450980391658 0.0031682352941184377 0.0014792156862744985
-0.014832156862739424 0.011709411764698651 0.0031227450980391177
-0.005003921568627861 0.00804313725490223 -0.003039215686274564
0.005267843137253009 -0.004269411764705907 -0.0009984313725503822
-0.016525098039213478 0.011650196078430505 0.004874901960784071
-0.016524313725485514 0.01939607843136746 -0.002871764705882063
-0.0021729411764695957 0.006296862745102327 -0.004123921568628623
-0.021711764705879513 0.016484705882349616 0.005227058823527218
0.004637254901960311 0.0018098039215686226 -0.006447058823529265
0.006263137254900507 0.0027360784313732274 -0.00899921568627411
-0.0008368627450979026 0.003115294117646636 -0.0022784313725491686
0.0034525490196080037 -0.008523137254901812 0.005070588235294508
-0.009630196078429076 0.001104313725490259 0.008525882352940418
-0.018586274509800802 0.007387058823530468 0.01119921568627414
0.006102745098037262 -0.02121333333333766 0.015110588235294075
-0.020084313725487427 0.0011270588235293968 0.018957254901962393
-0.006805490196079858 0.004262745098040594 0.002542745098039288
0.009679607843139338 -0.009344313725491396 -0.0003352941176470275
-0.018541568627449177 0.006794901960785771 0.011746666666666423
-0.008181960784314476 0.02803568627450785 -0.01985372549019171
0.014046666666671705 -0.009603529411768175 -0.004443137254902648
0.0046313725490172795 -0.010352156862746658 0.005720784313725288
0.0090223529411761 -0.007544705882351481 -0.0014776470588233985
0.02488588235294727 0.011434901960782558 -0.036320784313723306
0.020520784313729716 0.010882745098038531 -0.031403529411765635
0.020800000000003954 -0.003265098039216161 -0.017534901960784364
-0.006501568627452618 -0.004061568627450334 0.010563137254899947
-0.01736784313725329 0.010785882352941806 0.006581960784313004
-0.017198039215686932 -0.006220784313726045 0.023418823529412172
0.018200392156868597 -0.003031372549019165 -0.015169019607842813
0.00692352941176529 0.004646666666667402 -0.01157019607843289
0.0033835294117644907 -0.01532980392156858 0.011946274509804069
0.018430980392159443 -0.02780627450981204 0.00937529411764534
0.0012192156862739815 -0.0067145098039197845 0.00549529411764527
-0.013811372549015686 -0.02726392156862362 0.0410752941176411
0.0075768627450986375 0.0033960784313726237 -0.01097294117647137
-0.006946274509804435 0.024775686274505666 -0.017829411764703425
-0.0257862745098025 0.014556470588234966 0.01122980392156821
0.01433019607843328 -0.011584313725489721 -0.0027458823529411254
0.012439215686274457 -0.015657254901960717 0.0032180392156858644
-0.002175294117646806 -0.0037074509803920186 0.005882745098038197
-0.014174509803919917 0.0014709803921569712 0.012703529411764251
-0.008272156862743947 -0.008192549019608813 0.016464705882349752
-0.01805647058823631 0.008978823529412337 0.009077647058822929
0.0006674509803919658 0.002008235294117571 -0.002675686274509417
0.005406274509804142 -0.007178823529412904 0.001772549019607771
0.005393333333333363 -0.0051698039215684255 -0.00022352941176492723
-0.00398549019607851 -0.010606274509804834 0.014591764705882936
0.00214745098039245 -0.01712392156862863 0.014976470588233683
0.007973333333333334 -0.017535686274508997 0.00956235294117531
-0.005110196078431676 0.0075490196078429024 -0.002438823529411434
0.015699607843140954 0.001414509803921547 -0.0171141176470607
-0.0006305882352940519 0.020307058823530663 -0.019676470588233512
-0.0035192156862741244 -0.004725490196078375 0.008244705882353107
0.0022615686274506264 -0.003978039215685503 0.0017164705882346746
-0.015861176470587043 0.008975686274509126 0.0068854901960788166
0.023522352941178583 0.0032466666666658766 -0.026769019607847024
0.0057784313725486825 0.0191984313725499 -0.024976862745096175
-0.013814901960782625 0.01190509803921655 0.001909803921568469
0.01100745098039416 -0.009943137254903159 -0.0010643137254897675
-0.017479607843136298 0.014946274509803065 0.0025333333333330725
-0.0236215686274496 0.00298117647058917 0.02064039215686109
0.016581960784314124 -0.0022690196078429827 -0.014312941176469664
-0.00048352941176465467 0.01338666666666332 -0.012903137254900533
-0.0008670588235294498 0.0091882352941178 -0.008321176470588413
0.015894901960780066 -0.0036749019607848297 -0.012219999999997278
0.012731764705883268 0.0002901960784314745 -0.01302196078431131
0.021421568627450333 -0.013648235294118368 -0.007773333333331926
-0.007252549019608511 0.004290980392158165 0.0029615686274508976
0.003682352941175882 -0.005725882352941065 0.002043529411764821
0.0050447058823529355 -0.005576862745097966 0.000532156862744999
-0.0020533333333332834 0.010046666666664527 -0.007993333333333906
0.009149411764706404 -0.003714901960783787 -0.005434509803922115
-9.058823529420267e-05 -0.0039909803921560315 0.004081568627450303
0.012650196078433009 0.00020117647058889856 -0.0128513725490189
0.01744941176470712 -0.014726274509804722 -0.002723137254901752
0.007488235294116837 -0.005829411764705503 -0.001658823529411791
0.0001921568627449295 -0.00015921568627456638 -3.294117647018315e-05
0.0002811764705881377 -0.014614901960784249 0.014333725490195546
0.0006509803921570464 -0.0115443137254909 0.010893333333332847
0.0074917647058820045 0.01232431372548988 -0.019816078431369837
0.0027258823529411045 0.008503137254903549 -0.011229019607843352
0.002281176470588127 0.0033294117647059717 -0.005610588235294661
-0.007426666666666896 0.004307843137255006 0.003118823529412071
-0.019956862745092004 0.011844705882351012 0.008112156862744208
-0.007885490196079191 -0.005477254901961081 0.013362745098037407
-0.0023364705882355256 0.005002352941177452 -0.0026658823529410796
-0.005696862745098769 0.015538039215683766 -0.009841176470588036
0.004811372549019318 -0.009399215686274075 0.004587843137255632
-0.010745098039214444 -0.006920784313722025 0.017665882352941992
-0.011887450980393033 0.0030713725490190548 0.00881607843137211
-0.013603921568625733 -0.008842745098038363 0.02244666666666727
0.011168627450985819 -0.009864705882358639 -0.0013039215686273446
-0.002736862745097837 -0.006650980392154106 0.00938784313725522
-0.005165098039215894 -0.007406274509805024 0.012571372549019732
0.005400392156862092 0.003321568627451123 -0.008721960784313445
-0.0015329411764698074 -0.0046709803921568946 0.006203921568627764
-0.013650196078428198 0.00992156862745077 0.003728627450980992
0.008381568627449562 0.0012066666666667339 -0.009588235294116903
0.015050196078435463 -0.00798509803921436 -0.007065098039214506
-0.010658823529411785 0.013250588235291967 -0.0025917647058823204
0.010828627450981019 -0.009055294117646018 -0.0017733333333333566
0.016787058823533915 -0.015274901960786947 -0.0015121568627449139
-0.009190588235293637 0.0024929411764704327 0.0066976470588230395
0.00036196078431372945 0.005354509803921211 -0.005716470588234904
0.0004349019607842417 -0.003204705882352941 0.0027698039215686963
-0.005510196078430863 -0.006733333333332505 0.012243529411766124
0.005528235294117528 0.010884313725481612 -0.01641254901960491
-0.004252549019607358 0.009114509803914305 -0.004861960784313953
-0.008366274509800174 0.008445882352937167 -7.960784313719187e-05
0.006389019607841375 -0.0036549019607827623 -0.0027341176470587992
-0.020738431372545902 0.020673333333327326 6.509803921572186e-05
-0.0018654901960786648 0.02093725490195795 -0.019071764705880935
0.014077647058825192 -0.02228745098039673 0.00820980392157039
-0.015984313725488454 0.0023062745098039526 0.013678039215688463
0.005097647058823269 0.001288235294117242 -0.006385882352940628
-0.009383137254902186 0.010794117647058999 -0.001410980392156791
-0.023450588235295788 0.010895294117645766 0.01255529411764827
-0.00992196078431391 0.00018666666666644415 0.009735294117645598
0.00040549019607794804 0.02201254901960266 -0.022418039215689238
-0.005249411764705923 0.01751529411764316 -0.012265882352939338
0.005482352941176092 -0.008987058823529055 0.00350470588235336
-0.0014129411764708174 0.008280784313726728 -0.006867843137254828
-0.012892156862746645 0.013481568627451751 -0.0005894117647056099
-0.006752941176470915 -0.008083137254901323 0.014836078431372333
0.013941568627451483 0.008448627450980404 -0.022390196078429674
-0.0007282352941177378 0.02424823529411207 -0.023519999999996846
0.0003035294117648753 0.0008721568627444293 -0.0011756862745093434
0.021492941176471193 -0.020846666666669223 -0.0006462745098044081
-0.004993725490197429 0.0068200000000012695 -0.0018262745098041539
-0.006619215686273404 -0.010652549019607696 0.017271764705881095
0.015850588235293582 -0.012129019607841027 -0.0037215686274505552
-0.004859999999999735 0.010730588235293248 -0.005870588235294011
-0.011303529411765871 0.0048074509803925185 0.006496078431370624
0.006272156862746636 0.0014360784313726177 -0.0077082352941175636
9.686274509792728e-05 -0.0019737254901960404 0.0018768627450981633
-0.003234117647058529 0.009101568627451992 -0.005867450980391774
0.0024635294117643495 0.013863921568626843 -0.016327450980390523
-0.00025607843137267507 0.009075686274507163 -0.008819607843136451
-0.0008745098039215965 0.01586901960784697 -0.014994509803923806
-0.016475686274509772 0.02182784313725915 -0.005352156862744308
-0.015308235294118141 0.015223921568630042 8.431372549028798e-05
-0.01731607843137449 0.014649019607848719 0.0026670588235302574
-0.006446666666666838 0.004540000000000197 0.0019066666666665113
-0.00020352941176474338 -0.001680392156862419 0.0018839215686278544
0.00042039215686220043 -0.009625882352940821 0.009205490196078763
0.008052549019610923 -0.004912941176471571 -0.00313960784313791
0.021987843137257747 -0.008179999999999387 -0.013807843137256463
0.015037647058824172 -0.0009192156862741473 -0.014118431372552273
-0.0026149019607842965 -0.019909019607840736 0.02252392156862552
0.006256862745097824 -0.020160784313721727 0.013903921568623523
-0.019386274509800325 -0.00019137254901956002 0.019577647058821885
0.02178196078431397 -0.01198784313725465 -0.009794117647058887
0.009830588235294948 -0.005595294117646554 -0.004235294117647684
-0.01434274509803938 0.006993333333333075 0.007349411764704173
0.03742039215686859 -0.006792941176470588 -0.03062745098039217
0.012912156862744354 0.0033258823529412826 -0.01623803921568576
0.0029294117647060652 -0.002006274509804079 -0.0009231372549019653
0.0014250980392157657 -0.014805882352942399 0.01338078431372708
-0.019310588235294142 -0.00849803921568554 0.027808627450980464
-0.016927058823526415 -0.00043019607843121366 0.017357254901957605
-0.0013470588235295039 0.013233725490194028 -0.011886666666664623
-0.0083505882352951 0.013337647058823416 -0.004987058823529518
-0.0012972549019605328 0.014160000000001768 -0.012862745098038857
-0.009262352941176399 0.002323921568627566 0.006938431372548252
0.005132549019607936 -0.012096470588235738 0.006963921568627344
0.008485882352941192 -0.006156078431372957 -0.002329803921568568
-0.006488235294117539 0.010754901960782907 -0.004266666666666905
0.009587058823528874 -0.013385490196078539 0.003798431372549152
-0.00020431372549021374 -0.004856862745098265 0.005061176470588191
-0.007685098039216659 0.010257254901961386 -0.002572156862744724
-0.003467058823529713 -0.004199215686274743 0.00766627450980305
-0.013328235294116919 0.009799215686274747 0.0035290196078431816
-0.00047254901960789355 0.00782980392157052 -0.00735725490196167
-0.002897647058823302 0.007440784313726219 -0.004543137254902165
-0.012332941176470814 0.019667843137252245 -0.007334901960782712
0.01152235294117608 -0.01681333333333303 0.005290980392157447
0.007135294117646946 -0.013602352941176565 0.0064670588235297725
0.008080784313725033 -0.009541176470588456 0.0014603921568625711
0.001426666666666454 0.005985098039218039 -0.007411764705882393
-0.008590196078433223 0.01868862745097839 -0.010098431372547312
0.00031411764705882366 0.014181176470586703 -0.014495294117645217
0.00735254901960683 -0.01726470588235433 0.00991215686274445
0.0030898039215684907 0.0028121568627457114 -0.005901960784313493
0.013423529411764033 -0.022310588235294332 0.00888705882352941
0.012679607843142074 -0.010539607843138434 -0.002139999999999928
0.005469019607841761 0.009435686274509785 -0.01490470588235346
0.011118039215687155 -0.00872862745098064 -0.0023894117647057754
0.01390156862745494 -0.005198039215685069 -0.00870352941176367
0.001368235294117856 -0.0008568627450979016 -0.0005113725490195315
-0.0027247058823529095 -0.004200784313725566 0.00692549019607906
0.009851764705882018 0.0020498039215677737 -0.011901568627450742
-0.007498039215687858 -0.0014070588235295793 0.008905098039215992
-0.01823568627450667 0.014980784313721808 0.003254901960784442
0.021905490196084298 -0.01928039215686795 -0.0026250980392160156
0.016641960784315804 -0.009279607843135211 -0.007362352941175929
0.011174901960784373 0.000609411764705994 -0.011784313725489836
-0.008801176470588033 -0.011560000000005677 0.020361176470596588
-0.003501176470588211 -0.012886666666671199 0.016387843137254145
-0.0132313725490173 -0.005606274509803073 0.018837647058827463
0.004085098039213687 0.006316470588236164 -0.010401568627449339
0.013167058823533207 -0.0026623529411771924 -0.010504705882351995
0.008072549019606466 -0.011916862745098643 0.0038443137254902905
-0.010674901960783816 -0.005355294117642883 0.016030196078434422
-0.006284313725491107 -0.008334117647057847 0.014618431372552858
-0.010034509803921031 -0.013294117647062563 0.02332862745097961
0.008104705882355604 -0.01819882352941607 0.010094117647056077
0.0022372549019603963 -0.005752549019606623 0.003515294117647683
0.0055290196078443 -0.00562784313725461 9.882352941214306e-05
-0.0030929411764706585 0.012324313725486763 -0.009231372549017139
-0.01806078431372312 0.027543137254897904 -0.009482352941175113
-0.010557254901960534 0.02942509803921009 -0.01886784313725095
0.0005972549019607744 0.006737254901961654 -0.00733450980392182
-0.00663686274509876 0.004001568627451522 0.00263529411764736
-0.0005988235294117725 -0.006915294117644853 0.007514117647058489
-0.011892156862743924 -0.0017380392156866673 0.0136301960784322
0.004696470588235082 -0.018442745098041183 0.013746274509804205
0.004934901960784448 -0.036459215686278745 0.031524313725504786
0.01573215686274659 -0.009398431372548522 -0.006333725490196677
0.010812549019606538 -0.0021364705882352493 -0.008676078431373033
0.013624313725493135 -0.0184352941176552 0.0048109803921567475
-0.0031874509803928052 -0.0007756862745097428 0.003963137254901188
-0.010350980392159015 0.014818039215685324 -0.004467058823529812
-0.005165098039215711 0.0019745098039211937 0.0031905882352942817
0.006121568627450723 -0.020225098039219572 0.014103529411765266
-0.01657098039215534 0.0004513725490196278 0.01611960784313703
-0.020234509803925334 0.008870980392156605 0.011363529411764545
0.004935294117646736 -0.0016984313725481078 -0.003236862745097648
-0.011344705882352866 0.008900000000000055 0.002444705882353103
-0.0031537254901957564 0.014847058823530285 -0.01169333333333245
0.010438039215686413 -0.007612941176470808 -0.002825098039216182
0.007026666666669221 -0.013544313725490989 0.0065176470588225064
0.01749921568627303 -0.0002690196078432323 -0.01723019607842964
0.006473725490196833 0.0017447058823527074 -0.008218431372550603
0.006513333333334371 0.0007545098039214749 -0.007267843137255527
0.009712941176470568 0.0009070588235296648 -0.01062000000000258
0.007636470588235786 0.003064705882352978 -0.010701176470586545
0.013899607843137433 0.0004603921568627626 -0.014360000000000553
0.009672549019607806 -0.007381568627450513 -0.002290980392157189
-0.004506274509803955 0.007653333333332967 -0.0031470588235292117
0.007587843137255191 0.0002882352941174031 -0.007876078431373223
-0.0008345098039210744 -0.0018819607843135128 0.0027164705882350136
-0.020070980392157583 0.006824705882352865 0.01324627450980185
0.0006168627450983413 -0.0040599999999999465 0.0034431372549015454
-0.01392235294117519 0.0009329411764704834 0.012989411764705742
-0.0034764705882356773 0.005585490196078218 -0.0021090196078431297
0.013723137254901763 -0.004996078431372142 -0.008727058823529336
-0.006611764705883649 0.016814901960784893 -0.010203137254902015
-0.0009792156862746073 0.0010890196078432043 -0.0001098039215686582
0.013329019607843134 -0.0011733333333333272 -0.012155686274511584
-0.01824980392156809 0.01984313725490138 -0.0015933333333333487
0.00593019607843205 -0.010294509803921006 0.0043643137254879205
0.004604705882350279 -0.020096862745099406 0.015492156862745281
-0.014455686274509359 -0.0076184313725492355 0.022074117647056715
0.00018470588235287925 0.00014666666666658773 -0.0003313725490196044
0.0004729411764705974 -0.00957098039215689 0.009098039215685659
-0.005070196078431308 0.013163529411763993 -0.008093333333334436
-0.014692156862746377 0.023877647058822782 -0.009185490196077806
-0.01100784313725387 0.00781686274509795 0.0031909803921564115
-0.0032388235294114535 0.01980941176470236 -0.016570588235291308
-0.008584313725489288 0.005304313725490969 0.0032799999999999024
0.008225490196078308 -0.018834901960784876 0.010609411764705576
0.01117058823529328 -0.00921999999999949 -0.0019505882352941909
0.0037176470588241453 0.007327058823529415 -0.01104470588235309
0.01242823529411707 -0.004826666666666548 -0.007601568627446306
0.005050980392157466 0.007993333333332903 -0.01304431372548659
0.0005811764705881291 -0.008042745098039459 0.0074615686274501014
0.0015615686274509288 -0.013639215686278358 0.012077647058824999
-0.009029803921568253 0.007087450980392169 0.0019423529411770292
0.022216078431373475 -0.018912941176472714 -0.003303137254902492
0.017057254901962485 -0.01471490196078533 -0.0023423529411762977
0.01085882352941355 0.007353333333334061 -0.018212156862745722
-0.0011662745098040721 -0.01244156862744821 0.013607843137252579
-0.0024325490196077507 -0.0001149019607841464 0.0025474509803925806
0.004333333333333269 0.00286941176470583 -0.007202745098038368
-0.0077364705882361365 -0.0006474509803924189 0.008383921568626952
-0.010286274509803756 0.01549725490195683 -0.0052109803921564415
-0.00041843137254898806 0.005819215686274977 -0.005400784313724632
-0.008525490196079502 -0.022352549019612474 0.030878039215684244
-0.01184549019607957 0.009215686274510517 0.0026298039215693378
-0.0027984313725487224 -0.009274117647057723 0.01207254901960839
0.003403921568627396 -0.011380000000005 0.007976078431372678
0.002016862745097975 0.007212156862745732 -0.009229019607843402
0.009163529411765115 -0.017031372549021387 0.007867843137255668
-0.0052905882352952995 -0.0036996078431368834 0.008990196078430665
-0.014856470588231504 0.008321568627450258 0.006534901960784902
-0.013842745098036882 0.005456862745098418 0.008385882352940199
0.0020972549019606934 0.00936549019607759 -0.011462745098038934
-0.0014964705882350288 0.006362745098040146 -0.004866274509804103
-0.011418823529409745 0.019466666666663503 -0.008047843137255345
0.009977254901961058 -0.025797647058828903 0.01582039215686415
0.00663725490195951 -0.011241960784316 0.004604705882352943
0.005071764705882186 -0.0026647058823539597 -0.0024070588235293074
-0.010788627450975766 0.003745490196079013 0.007043137254901343
-0.006887843137257498 0.005844313725493484 0.0010435294117647448
-0.012839607843137826 0.005567450980392743 0.007272156862745513
-0.016389411764702846 0.03077019607842548 -0.014380784313724759
-0.0007627450980393727 0.01742588235293379 -0.016663137254900914
-0.0035607843137252927 0.0013117647058820453 0.0022490196078428968
0.007381960784313507 0.022018823529405204 -0.029400784313719355
0.020576078431375266 0.01032392156862442 -0.03089999999999565
0.018592156862746848 0.003952549019608301 -0.022544705882350663
0.00019490196078491586 -0.01057137254902099 0.010376470588235223
-0.00020000000000003026 -0.004186666666666816 0.004386666666666907
0.008908627450981582 -0.002558431372549072 -0.0063501960784322345
0.02404313725490485 -0.024556862745105122 0.0005137254901960168
0.012416470588238039 -0.0028054901960789737 -0.009610980392156965
0.020963137254906596 -0.005531372549018925 -0.015431764705880202
-0.0055572549019611206 -0.00105921568627502 0.006616470588235056
-0.0049423529411766615 -0.002774509803921317 0.0077168627450979145
0.0036039215686276146 -0.01723176470588638 0.013627843137257326
-0.00123960784313654 0.023487058823519414 -0.02224745098038692
0.0022176470588233126 0.014653333333332845 -0.01687098039215637
0.003161960784315225 0.007930588235293726 -0.011092549019606
0.0006145098039214749 -0.015094509803923371 0.014480000000000881
-0.0028690196078427167 -0.010401176470588615 0.0132701960784337
0.00019607843137253546 -0.01520352941176543 0.01500745098039233
-0.011533725490193202 -0.007352156862744569 0.018885882352941166
-0.022338823529411155 0.0075180392156875536 0.014820784313722692
-0.020152549019607023 0.0027611764705900914 0.017391372549017677
0.013742352941176641 -0.0065780392156845405 -0.007164313725489979
-0.006665882352943016 0.010469019607844202 -0.0038031372549019054
0.0013309803921571885 0.02065058823529572 -0.021981568627454616
0.024098823529416603 -0.02946156862744935 0.005362745098038855
0.013198039215683816 -0.022382352941175285 0.009184313725490308
0.022302352941181727 -9.843137254887256e-05 -0.02220392156863286
-0.0008878431372555223 -0.0003050980392141427 0.0011929411764705167
-0.005022745098039289 0.00046274509803932967 0.004559999999999949
0.011732941176470392 0.002403921568627745 -0.014136862745098098
-0.018053725490197108 -0.005563921568626788 0.023617647058819892
-0.016401176470588537 -0.005048627450980062 0.02144980392156926
-0.011203137254903966 -0.006166666666666861 0.01736980392156784
0.018138823529410836 -0.0023043137254901733 -0.015834509803921773
0.016120784313724136 0.0005572549019607035 -0.016678039215687453
0.006958039215687052 -0.005437254901960702 -0.0015207843137250569
-0.008503529411765132 0.006529803921568833 0.0019737254901961297
-0.00023921568627439582 0.0013015686274510017 -0.0010623529411765385
-0.018106274509805766 0.0027529411764706272 0.015353333333331725
-0.006425098039215687 0.0012266666666666854 0.005198431372548202
-0.002078823529410968 -0.002536470588235856 0.004615294117645166
-0.016725882352939408 0.004963921568628718 0.011761960784314525
-0.012116862745098766 -0.003667450980393092 0.015784313725488778
0.0010600000000000403 -0.008880392156861818 0.007820392156860452
-0.020825882352942846 0.004726274509804296 0.016099607843136705
-0.009739215686275138 0.001960000000000075 0.007779215686274573
0.0004415686274509658 -0.0030909803921570483 0.0026494117647063845
-0.011391372549019617 -0.005695686274510008 0.01708705882352584
0.00045568627450968507 0.00548117647058783 -0.00593686274509793
0.0042964705882353104 -0.000184313725490091 -0.004112156862745293
-0.007656470588235612 0.0009313725490193807 0.006725098039214713
-0.0032447058823525474 0.012519607843137139 -0.009274901960784036
0.0022105882352942384 -0.000522745098039627 -0.0016878431372549874
0.009261176470588831 0.005707843137253769 -0.014969019607843139
-0.003857647058823728 -0.001984313725489556 0.0058419607843110954
0.0020231372549018617 -0.009890980392155063 0.007867843137254596
0.012119215686273612 -0.000809019607843138 -0.011310196078431596
-0.01212352941176448 0.004983137254902187 0.007140392156863431
-0.009174117647059327 0.0028584313725490756 0.006315686274509841
-0.004719607843137988 0.006494901960785577 -0.001775294117647285
-0.00985607843137262 0.010008627450980837 -0.00015254901960779199
-0.0019152941176469283 0.0074984313725505874 -0.005583137254902527
-0.0005913725490195917 0.011238431372549438 -0.010647058823528718
-0.0037141176470588478 -0.011824705882355197 0.015538823529412826
-0.016817254901958494 -0.006350588235294393 0.02316784313725541
-0.010231764705882058 -0.004573725490194739 0.014805490196080488
0.014781568627454132 -0.018195294117651573 0.003413725490195694
-0.0024631372549017614 -0.010882745098039428 0.013345882352941386
0.0005352941176473451 -0.0007176470588238159 0.00018235294117637392
-0.001232156862744786 -0.0040988235294121145 0.005330980392156505
-0.0036756862745101083 0.004255294117648428 -0.0005796078431369888
0.0005345098039214371 0.014597647058822001 -0.015132156862744542
-0.002101960784313295 -0.005496470588235879 0.007598431372549627
-0.005681176470588771 0.013796470588234931 -0.00811529411764664
0.0040380392156866675 0.0046301960784319775 -0.008668235294118485
0.00307607843137245 -0.01874235294118007 0.015666274509803062
0.002223529411764734 0.009490196078432302 -0.011713725490195651
0.014101176470587732 -0.01613333333333373 0.0020321568627452978
-0.013496470588230511 0.006881568627453305 0.0066149019607838816
-0.013958823529406965 0.02953294117646535 -0.01557411764706051
-0.006450588235297522 0.006366274509805188 8.431372549016014e-05
-0.007361960784314003 -0.004945490196078447 0.012307450980390518
-0.00381294117647136 -0.005645882352941185 0.009458823529409983
-0.007433333333333935 0.001670196078430477 0.005763137254901765
0.008349411764704965 -0.02586117647058569 0.017511764705882442
0.012253333333335007 -0.03156313725490324 0.019309803921569144
0.007794509803920226 -0.011478823529414291 0.003684313725490556
0.005543529411763651 -0.007117647058821288 0.0015741176470586552
0.007277254901959845 -0.0015521568627449394 -0.005725098039217792
0.01012627450980292 -0.0022780392156860653 -0.007848235294115826
-0.009936862745096116 0.022409019607840842 -0.012472156862743252
-0.0023450980392159156 0.016559999999996383 -0.014214901960784055
-0.002717647058823824 0.012087450980390818 -0.009369803921569254
-0.01075843137254799 -0.0016619607843114505 0.012420392156866843
0.005269019607843209 -0.01908078431372841 0.013811764705883774
0.005189019607843238 -0.034858823529409055 0.029669803921575092
-0.025759607843132838 0.011026274509803763 0.014733333333334696
-0.0129941176470574 -0.00622470588235047 0.019218823529415313
-0.006685490196078306 -0.020863137254906936 0.02754862745098492
-0.0051070588235297585 -0.00628235294117562 0.011389411764706644
-0.008376862745096653 0.006198431372550086 0.0021784313725476544
0.002561176470588041 0.00292588235294048 -0.005487058823530229
-0.009839607843136219 -0.011121960784313923 0.02096156862745478
-0.01959333333333119 0.009026666666665805 0.010566666666670367
-0.008918431372549714 0.003565098039214698 0.005353333333333326
-4.588235294107516e-05 -0.0014176470588236326 0.0014635294117645934
-0.003583529411766303 -0.0017341176470588692 0.005317647058823659
-0.004858823529411595 -0.00847803921568725 0.013336862745099223
0.006658431372549151 0.013170196078426726 -0.019828627450975744
0.00446235294117629 0.004275294117645891 -0.008737647058821877
0.0062494117647058775 0.0008843137254898679 -0.007133725490197547
0.0033827450980391913 0.002105882352941334 -0.005488627450981223
-0.00595882352941264 -0.0007039215686273523 0.006662745098038171
0.006597647058824642 -0.0048062745098035225 -0.0017913725490197121
0.010096470588235543 0.012590588235293564 -0.02268705882352979
0.00019960784313728913 0.01654313725490501 -0.0167427450980411
0.005950980392155906 0.017272549019607925 -0.023223529411767144
-0.004538431372549167 -0.009355686274511945 0.013894117647059766
-0.022748235294117163 0.00010196078431383311 0.022646274509802906
-0.010246274509804656 0.008578039215687268 0.001668235294117661
0.0012101960784313757 0.006712156862745203 -0.007922352941176086
-0.0070454901960771525 0.007975686274508542 -0.0009301960784313827
-0.0014368627450971536 0.02625686274509417 -0.024820000000000328
0.006178039215684763 -0.015847450980394424 0.009669411764705645
-0.008478431372548943 -0.004736862745097417 0.013215294117645047
0.008842745098038212 -0.012570196078430467 0.003727450980392548
0.0028541176470588355 -0.00011999999999998725 -0.0027341176470588326
-0.009269411764705937 0.003209411764706335 0.006059999999999871
-0.010569019607843788 0.011528235294116658 -0.000959215686274629
0.01997098039216048 -0.011064313725491114 -0.008906666666666004
0.007422352941177091 -0.006309411764705568 -0.0011129411764701528
-0.01354666666666705 0.004255294117647145 0.009291372549019
0.010074509803922176 -0.008994117647058231 -0.0010803921568627378
0.009832941176469465 -0.009984705882351829 0.00015176470588231162
-0.017245882352940573 0.0009027450980392804 0.01634313725490223
-0.01914666666666778 0.018289019607843755 0.0008576470588236961
-0.017389411764706656 0.01908274509804069 -0.0016933333333350432
-0.026180784313724576 0.025117647058824095 0.001063137254901911
0.02457294117647405 -0.0027023529411776496 -0.021870588235295422
0.03099058823529787 -0.0018854901960779409 -0.02910509803921731
0.014505098039211616 0.0007572549019609508 -0.015262352941175396
0.0021223529411767425 -0.00018274509803922892 -0.001939607843137366
0.015375686274507737 -0.002434117647059425 -0.012941568627451903
0.020503137254902704 -0.016005490196075167 -0.004497647058822984
-0.011902352941176893 0.0005756862745098305 0.011326666666666636
-0.00990588235294054 0.009961568627451206 -5.5686274509746716e-05
-0.00019372549019622587 -0.011438039215684662 0.01163176470588139
-0.009036078431373131 -0.003058823529411245 0.012094901960785576
-0.006285882352940713 0.0008345098039215693 0.00545137254901892
0.012016078431372012 -0.004498823529411406 -0.007517254901960316
-0.008353725490195966 -0.006631372549019193 0.014985098039213876
-0.005672156862744838 -0.005213333333332937 0.010885490196077553
0.011137254901957909 -0.012421568627449286 0.001284313725490006
0.020877254901959977 -0.015754117647057527 -0.005123137254902367
0.017981176470588004 0.0017196078431370898 -0.019700784313727068
0.018219215686274957 -0.005627843137253633 -0.012591372549018433
-0.0009419607843139293 -0.0016207843137248954 0.0025627450980397503
-0.0021494117647057297 0.0033305882352939846 -0.0011811764705882673
0.0019298039215685215 -0.015651764705883354 0.013721960784314457
0.009197254901961138 -0.002405882352941107 -0.00679137254902038
0.0022200000000001485 0.010923529411762415 -0.013143529411764011
0.01140156862745027 -0.005990196078430784 -0.00541137254901933
0.005336470588235515 -0.014490980392156997 0.009154509803919696
2.7843137254868818e-05 -0.005515294117646172 0.005487450980391614
0.008350980392155571 -0.015214901960785447 0.006863921568627116
-0.011378039215684914 0.003996078431372452 0.007381960784313016
-0.008492941176470568 0.0036490196078421393 0.004843921568627165
-0.0071027450980384165 0.004376078431373241 0.0027266666666670284
-0.002911764705882256 0.002435686274509157 0.0004760784313725642
0.0030725490196078444 0.003292549019607928 -0.00636509803921551
0.0067745098039212505 -0.0016482352941181993 -0.005126274509804073
-0.006971372549019863 0.002452941176471021 0.0045184313725483575
-0.0009733333333334684 0.012885098039211023 -0.011911764705878725
0.0070709803921565366 -0.009665882352940596 0.0025949019607845463
-0.01150862745097956 0.011739215686271268 -0.0002305882352942774
-0.0009411764705880452 0.015103137254899665 -0.014161960784313542
0.003451764705882758 -0.012816470588235186 0.009364705882352432
-0.0016545098039219097 0.004367843137254979 -0.0027133333333332543
0.01620980392157135 -0.01676196078431676 0.0005521568627450538
0.021968235294124446 -0.008776470588235179 -0.013191764705881882
-0.01836431372548803 0.02371372549019159 -0.005349411764705538
0.003516078431371263 -4.588235294117633e-05 -0.003470196078430806
0.009350588235293372 0.015025490196078102 -0.024376078431370577
-0.009807058823527875 0.0009211764705883746 0.008885882352941823
-0.006955294117647899 0.0033113725490185705 0.003643921568627324
0.0013109803921569961 0.008527058823531702 -0.009838039215686574
-0.008649803921570092 0.002362352941178582 0.006287450980392263
-0.0027501960784303177 0.009984313725483748 -0.0072341176470582386
-0.001820392156862717 0.01397254901960576 -0.012152156862742977
-0.003234901960784212 0.015599215686270772 -0.012364313725489996
0.02321960784313766 -0.0031305882352932876 -0.020089019607841773
0.020096078431375924 -0.016740392156865798 -0.003355686274509529
-0.022769411764702707 0.019072156862741264 0.003697254901960907
-0.012243921568626075 0.003262745098039 0.008981176470589656
-0.014381176470589334 -0.0006211764705883064 0.015002352941179582
0.025378823529409823 -0.02001882352941435 -0.005360000000000355
0.02353019607843364 -0.011700000000004195 -0.011830196078427802
0.03495607843137919 -0.018298039215688327 -0.016658039215683467
0.012310980392158844 -0.011801176470587198 -0.0005098039215681835
0.007898431372549475 -0.0035266666666671307 -0.004371764705882237
0.008087843137254047 0.005766274509804662 -0.013854117647056435
0.002602745098039884 0.004676470588237196 -0.0072792156862754535
-0.0006227450980392103 -0.001954117647059085 0.0025768627450984093
0.0017368627450976516 0.004389019607843481 -0.006125882352942452
-0.010982745098038227 0.01876431372549021 -0.007781568627450874
-0.015313725490197721 0.000865098039215582 0.01444862745098065
-0.013539607843136167 0.008464313725491557 0.005075294117647353
-0.006332156862745472 -0.0010796078431369758 0.007411764705880254
-0.012677254901961045 -0.004531372549019749 0.017208627450980455
0.0071701960784300535 0.0005098039215684837 -0.007679999999999932
0.002227843137254773 -0.01088274509803874 0.008654901960782764
0.000640784313725554 -0.017091764705882483 0.01645098039215575
0.016649019607842708 -0.011074901960783845 -0.005574117647058602
0.004105098039215246 -0.01643882352941371 0.012333725490197687
0.0007654901960785535 -0.021807058823530005 0.021041568627451396
0.02125058823529718 -0.01407725490196321 -0.007173333333333076
0.0010023529411763942 -0.001841176470588042 0.0008388235294118029
-0.005196470588236023 -0.0038647058823531558 0.009061176470588891
0.004295686274509865 0.004019607843135838 -0.008315294117645854
0.011996862745100062 -0.011440784313725928 -0.00055607843137256
0.007020784313724731 -0.01153215686274283 0.00451137254902014
0.01301764705882107 -0.006138823529412806 -0.006878823529412332
-0.0005247058823531308 0.012776470588231382 -0.012251764705879534
-0.009700392156861816 0.016297647058823785 -0.006597254901960582
-0.00474313725490191 0.017358039215686082 -0.012614901960782254
0.007832156862745368 -0.01724470588235402 0.00941254901960822
-0.007080784313724953 -0.010237254901958686 0.017318039215687645
-0.027830588235296556 -0.0028482352941181423 0.030678823529412452
0.01806980392156658 0.007665098039217419 -0.02573490196078327
0.007178823529412171 0.008566666666667748 -0.01574549019607866
-0.009661568627451546 0.012917647058825083 -0.003256078431372347
0.010501568627451928 -0.016910980392158614 0.006409411764705982
0.005649411764706164 -0.010412156862745062 0.004762745098038976
-0.0066070588235302135 -0.00171333333333302 0.008320392156862135
0.01816235294117675 -0.009381568627452345 -0.008780784313725573
0.008179215686274487 -0.002345098039215597 -0.005834117647059112
0.009141960784313707 -0.012411372549018966 0.0032694117647058684
-0.0297584313725533 0.012156078431371314 0.0176023529411764
-0.027986274509805904 0.021134509803921384 0.006851764705881389
-0.022465490196076805 0.0009117647058820209 0.021553725490199287
-0.0047474509803922295 0.008436862745099699 -0.003689411764706522
0.006744313725490201 0.017593333333333336 -0.02433764705882171
0.02145058823529706 -0.009613725490195625 -0.011836862745095626
-0.001025098039215763 -0.0005305882352940324 0.0015556862745098319
-0.0034180392156869938 0.014777647058824075 -0.011359607843137257
0.023286274509804777 -0.0021478431372547848 -0.021138431372551135
-0.018534509803920494 0.0031290196078424745 0.015405490196076482
-0.020525098039217742 0.018656862745100478 0.0018682352941175788
0.0015886274509805155 0.007980784313726418 -0.009569411764705812
0.011201176470589344 -0.024452156862745114 0.013250980392156674
0.009058431372548503 -0.005436078431373465 -0.003622352941176799
0.005559999999999369 -0.01583254901960726 0.010272549019609094
0.003625098039215477 -0.010469803921567863 0.006844705882353292
-0.006121568627452066 0.007059215686275157 -0.0009376470588237656
-0.006038431372549386 -0.013272941176471981 0.019311372549018765
-0.0018823529411764986 -0.0008215686274508295 0.002703921568627075
-0.007241176470589437 0.011481960784313105 -0.004240784313724965
-0.00014705882352942026 -0.007356078431372506 0.007503137254901701
-0.007493333333333914 0.018774509803916258 -0.011281176470588326
-0.008683137254902825 0.02307647058823291 -0.014393333333336238
-0.009309019607843276 0.006766274509804982 0.0025427450980389787
-0.004060784313725113 0.01567294117647228 -0.011612156862746146
0.005276078431372319 -0.007231764705881467 0.001955686274509828
0.001534509803921407 -0.00037882352941176717 -0.0011556862745098135
-0.0007219607843137318 0.00964705882353021 -0.008925098039215823
0.008513333333333059 -0.0026333333333327285 -0.005879999999999596
0.0038207843137257422 0.008181176470588705 -0.012001960784314397
-0.017215686274508424 0.01831529411764426 -0.0010996078431373545
-0.007983137254902545 0.015223137254898033 -0.007239999999999414
-0.013526274509805397 0.01103294117647088 0.00249333333333358
-0.004420000000000021 0.0116882352941138 -0.007268235294117653
0.012946274509806992 0.006894117647061026 -0.01984039215685527
0.006954117647058472 -0.004234901960784462 -0.0027192156862740962
0.0021050980392158755 -0.00761803921568524 0.005512941176471026
0.026152549019614096 -0.02736235294117431 0.0012098039215688219
0.019689019607843136 -0.01686745098039278 -0.0028215686274508335
-0.03155921568627274 0.010344705882349698 0.021214509803922598
-0.003424705882353117 -0.014531764705884388 0.01795647058823677
-0.003821176470588026 0.00976980392156808 -0.005948627450981477
0.0030180392156860044 -0.014297647058831516 0.011279607843140024
0.007942745098038821 -0.011369803921568314 0.003427058823529375
0.00967529411765046 0.008494901960784677 -0.018170196078425516
-0.009484313725488545 0.005795294117648979 0.0036890196078433538
-0.00025921568627448947 0.008253725490195525 -0.00799450980392243
-0.0025854901960786153 0.020136470588230204 -0.017550980392154178
0.005192156862743825 -0.0011129411764707418 -0.004079215686274625
0.019621568627452502 -0.022036862745101783 0.002415294117647261
0.005350980392157425 -0.015150588235300279 0.009799607843137612
0.005427843137254499 0.0157854901960738 -0.02121333333333215
0.011043921568628778 -0.006279999999998898 -0.004763921568627715
-0.00028235294117594 0.0021454901960768916 -0.001863137254903561
-0.001043137254901722 -0.00012745098039222864 0.0011705882352941717
-0.008349411764706343 -0.0005611764705880353 0.008910588235295447
-0.010544313725490206 0.028922352941168267 -0.018378039215685822
0.003223921568628049 -0.0150137254901987 0.011789803921566724
-0.002182745098039059 -0.017986274509805073 0.02016901960784496
-0.00508392156862738 0.018154901960783718 -0.013070980392156754
0.013796078431370592 0.0007760784313724531 -0.014572156862744629
0.016149411764707973 -0.0194756862745142 0.0033262745098039067
0.013105882352940397 -0.00254745098039358 -0.010558431372548043
-0.0019674509803921676 -0.01026470588235353 0.01223215686274599
0.0017309803921575903 -0.027546274509802952 0.025815294117644355
-0.004100000000000489 -0.00244313725490056 0.006543137254899438
0.013034901960785586 -3.9215686274213554e-05 -0.012995686274510783
0.016710196078434762 -0.012113333333332138 -0.004596862745098202
0.032353725490196765 -0.008550196078430416 -0.02380352941176255
-0.020971764705885958 0.03701137254902497 -0.016039607843136374
-0.026143529411762775 0.030699999999994763 -0.004556470588235213
-0.008804313725490747 0.03056117647058518 -0.021756862745095015
-0.0012105882352942696 0.0024372549019610564 -0.0012266666666666782
0.00847843137255049 -0.008205490196078347 -0.0002729411764706723
0.006650196078430149 -0.0014913725490196153 -0.005158823529411706
-0.007771764705882552 0.01311607843137505 -0.005344313725489948
0.0044976470588236955 0.006863921568628472 -0.011361568627452608
-0.0017799999999998882 0.017292941176471816 -0.015512941176471132
-0.01539803921568636 -0.002413725490195798 0.017811764705877798
-0.005116470588236139 -0.0057505882352939484 0.010867058823527329
-0.012208235294118205 -0.004123921568627743 0.016332156862740036
-0.0013160784313723812 0.017056078431366205 -0.01573999999999785
0.010603529411764026 0.011663137254905304 -0.02226666666666209
0.01098666666666596 0.008438823529414717 -0.019425490196080746
-0.013306274509804839 0.015610980392159527 -0.0023047058823531807
0.004535294117646375 -0.00111372549019574 -0.0034215686274518486
-0.0013313725490194052 -0.014469411764704102 0.015800784313723875
-0.005496470588235126 0.01068588235294181 -0.0051894117647058756
0.0024070588235287193 0.005114901960784061 -0.007521960784316122
0.0051572549019605314 -0.014543529411763617 0.009386274509803309
0.02060156862745127 -0.02729490196079076 0.006693333333333035
0.006070196078431155 -0.017063137254901925 0.010992941176470063
0.006227450980391392 -0.019763529411765277 0.013536078431371206
-0.007065882352939678 0.01631803921568692 -0.009252156862744967
-0.01720235294117779 0.019927058823531046 -0.0027247058823531268
-0.017865490196079213 0.01742784313725566 0.00043764705882340057
0.010603529411764331 0.010503921568627957 -0.02110745098039106
0.005369019607843024 0.014641176470593086 -0.020010196078433278
0.0026917647058825617 0.006945490196079113 -0.009637254901961309
0.0011745098039219065 -0.006323529411765279 0.005149019607843167
0.00802078431372661 -0.0009749019607843085 -0.0070458823529414944
0.004252549019607869 -0.01109215686274463 0.00683960784313705
-0.004112549019607959 -0.013670980392158057 0.01778352941177058
-0.006025490196077987 -0.004947450980392554 0.010972941176471733
0.002813725490196316 -0.00410823529411667 0.0012945098039209377
0.0019262745098038443 -0.014221176470589366 0.012294901960784213
-0.006693725490195798 0.0010007843137254267 0.005692941176470083
-0.0033192156862744573 0.009170980392158494 -0.005851764705882806
-0.0027243137254913097 -0.013200000000001506 0.015924313725492325
-0.015218823529411554 0.008614901960785005 0.0066039215686251925
-0.01760745098039155 0.01117098039215861 0.006436470588233887
0.006369803921567961 0.005163529411765919 -0.01153333333333424
-0.007407843137256177 0.024761568627447307 -0.01735372549019609
-0.010167843137254384 0.01725098039214984 -0.007083137254902645
-0.007296078431373562 -0.004152941176470106 0.011449019607845883
-0.009634901960782932 0.0020560784313728713 0.0075788235294111895
-0.017698039215687474 0.007965490196080947 0.009732549019607257
-0.010253333333333845 0.0054603921568629945 0.004792941176470344
-0.0013823529411759088 0.00108196078431321 0.00030039215686265
-0.02027019607843009 0.0037858823529406133 0.016484313725491476
-0.004399999999999285 0.004892549019607308 -0.0004925490196078986
0.01163803921568737 -0.024591372549025305 0.01295333333333245
-0.006734901960785917 -0.001801568627450955 0.008536470588235397
0.003519999999999631 -0.014124313725490846 0.010604313725488076
0.01468980392156907 -0.03634117647058612 0.021651372549023766
-0.0042901960784319055 -0.019717254901965037 0.024007450980391663
0.014588235294119477 -0.005589411764704195 -0.008998823529412522
0.014478039215687246 -0.014040392156861443 -0.00043764705882341916
-0.006179215686275111 -0.010000784313724056 0.0161799999999998
0.008544705882351797 0.010730980392156883 -0.019275686274513752
0.0022086274509801646 0.01719607843136814 -0.019404705882349705
-0.022609803921567712 0.021504705882350754 0.0011050980392153795
-0.00010862745098015113 -0.0014752941176473116 0.0015839215686280176
0.009045490196078443 -0.01402705882353018 0.0049815686274486595
-0.00802078431372508 0.008755686274509693 -0.0007349019607836876
-0.01805176470587796 0.011490196078429398 0.006561568627450597
-0.00010078431372536551 -0.0017905882352946551 0.0018913725490195834
-0.012070588235291916 0.02648313725489737 -0.01441254901960647
0.007338823529410747 -0.030018823529419255 0.02268000000000173
0.00730196078431317 -0.01703647058823644 0.009734509803920571
0.011355686274514665 0.006087843137255566 -0.01744352941176422
-0.0018925490196086514 -0.011255686274510554 0.013148235294118023
0.004841176470588345 -0.011854901960783495 0.007013725490193917
0.010520000000001565 0.004024705882352732 -0.014544705882353097
-0.015267450980388465 0.0077513725490220165 0.007516078431372203
-0.002550196078430334 -0.009860392156863138 0.012410588235294088
-0.01314941176470413 0.001292156862745036 0.011857254901960936
-0.001708235294117964 0.009267450980391622 -0.007559215686274536
0.0011717647058821048 -0.015183137254905067 0.014011372549021357
-0.013586666666666256 0.004781960784312843 0.0088047058823531
0.004398431372548964 -0.006179607843137563 0.0017811764705882042
-0.002352549019607116 -0.010270196078430247 0.01262274509803935
-0.0018031372549021658 0.015106274509801332 -0.013303137254900376
-0.0008752941176466299 -0.009978039215685377 0.010853333333333515
-0.0091498039215677 -0.0091149019607833 0.018264705882353852
-0.01939254901960716 0.02789725490195905 -0.008504705882352252
-0.005751764705882588 0.007278823529412759 -0.0015270588235294976
-0.0003160784313721426 -0.006481960784312608 0.00679803921568619
-0.015325490196077509 0.007054117647060538 0.00827137254902006
0.00039686274509813553 0.013869019607840191 -0.014265882352939921
0.01155607843136813 -0.00921176470588145 -0.002344313725489642
-0.003947450980392056 0.009523137254901295 -0.005575686274509372
-0.020934117647057215 0.01931725490196299 0.0016168627450978798
-0.010364705882353963 0.004061960784313141 0.0063027450980389305
-0.005607843137255298 0.008763921568630312 -0.003156078431372408
0.018953333333335858 -0.012531764705883885 -0.006421568627450524
0.024024313725492037 -0.025691764705887635 0.001667450980392003
0.03313764705882615 -0.0273533333333291 -0.0057843137254904526
-0.01120745098039153 0.0019466666666667102 0.009260784313728952
-0.008649803921569547 0.0005505882352937523 0.008099215686274818
-0.02014705882353008 0.007359999999999882 0.012787058823532406
-0.00527764705882423 0.009967450980388223 -0.0046898039215688475
-0.0031952941176463154 0.006605490196080107 -0.00341019607843129
-0.015528235294120033 0.008148627450984304 0.007379607843137637
-0.010060784313727153 -0.010571372549017511 0.020632156862740902
-0.0020125490196077306 -0.01799607843137257 0.020008627450978433
-0.0027878431372552258 -0.008983921568627899 0.011771764705884593
-0.0009941176470588257 -0.002794509803921481 0.003788627450980314
0.013974901960784696 -0.009774901960783433 -0.004199999999999547
0.017550196078429652 -0.0025835294117654757 -0.014966666666666888
-0.032808235294119664 0.03517490196078923 -0.0023666666666665925
-0.006993725490196561 0.01910078431372271 -0.01210705882352746
-0.0006545098039217439 -0.004174509803921715 0.004829019607843555
-0.0008341176470589069 0.0042556862745097975 -0.0034215686274506455
0.009715686274509604 0.004885098039214965 -0.014600784313730564
0.015834509803919608 -0.011256862745096763 -0.004577647058823759
0.015734509803924174 -0.008746666666665704 -0.006987843137255042
-0.005759607843137126 0.008320392156862953 -0.0025607843137255477
-0.003579607843137402 0.0027592156862745847 0.0008203921568625896
0.006842745098038749 -0.008453333333332527 0.0016105882352945027
-0.0035854901960780923 0.004100392156862095 -0.0005149019607841948
0.004204313725489975 0.005081176470588934 -0.009285490196077557
-0.017396862745096595 0.004789803921569223 0.012607058823531496
-0.009363137254901443 -0.012070980392155609 0.021434117647059023
-0.018024705882354032 -0.01227254901960805 0.030297254901963645
0.009389803921568012 0.004998431372550765 -0.014388235294116328
0.02271647058823593 -0.00703607843137177 -0.015680392156859933
0.0057321568627434205 0.0021023529411763114 -0.007834509803920534
-0.008379607843137911 0.015349019607847332 -0.006969411764706939
-0.0026149019607841044 0.004397254901961334 -0.001782352941176266
-0.012498823529413932 0.02138627450979794 -0.008887450980391058
0.019023137254902532 -0.009240784313725001 -0.009782352941177483
0.01828235294117549 -0.0028537254901967756 -0.015428627450978855
0.010811764705882087 0.015761568627452094 -0.026573333333335385
0.003765098039215737 -0.01381647058823299 0.010051372549016512
-0.0045925490196086554 -0.002509019607843457 0.007101568627451899
-0.010023137254904214 0.0021149019607841534 0.007908235294116247
0.0031745098039216947 0.003912549019607991 -0.00708705882352945
-0.003627450980392599 0.007817647058822753 -0.004190196078431433
-0.013164705882352853 0.009283921568629292 0.0038807843137254943
0.012008235294122416 -0.012075686274512205 6.745098039206947e-05
0.01415019607843409 -0.012797254901961711 -0.0013529411764705982
-0.001021176470587901 -0.008301960784314154 0.009323137254902017
0.012926666666667495 -0.0031972549019612267 -0.009729411764706408
0.025337254901963636 -0.014954117647058103 -0.010383137254903106
0.011609019607846674 -0.005109803921566452 -0.0064992156862744635
-0.006049019607843898 0.02054627450980238 -0.014497254901961215
0.007820784313724762 9.215686274489398e-05 -0.007912941176470416
-0.0043654901960781915 0.02578666666666264 -0.021421176470590702
0.00811372549019576 -0.00215333333333336 -0.005960392156862092
0.011518823529411004 -0.018403529411765592 0.006884705882351768
-0.001170588235294363 -0.0076407843137251364 0.00881137254901904
0.013570196078434328 0.011210980392155524 -0.024781176470594014
0.006539999999999876 0.0026149019607840337 -0.009154901960785854
-0.0007800000000000888 0.001148235294117763 -0.0003682352941175556
0.01334117647058975 -0.00890274509803883 -0.004438431372549836
0.0022321568627450264 -0.008801176470587849 0.006569019607842433
-0.010392549019608283 -0.005400392156863286 0.015792941176471273
0.0037541176470589945 -0.01478196078431389 0.011027843137252706
0.0013772549019608346 -0.0210980392156913 0.01972078431373193
-0.016725098039214514 -0.003126666666665244 0.01985176470588481
0.006745490196076787 0.0035760784313738567 -0.010321568627451603
0.014623137254901795 -0.0043274509803925216 -0.010295686274510272
0.0040827450980387165 0.01791607843136986 -0.021998823529408237
-0.012818823529404846 -0.006282745098038024 0.019101568627451875
-0.016652549019606038 0.010274901960782656 0.006377647058823299
0.006924313725489125 0.004879215686275557 -0.011803529411762303
-0.02337764705882361 0.012505098039213841 0.010872549019604931
-0.01871372549019383 0.015184313725489437 0.0035294117647060377
0.002343529411765229 0.0034478431372545267 -0.005791372549021541
-0.0013862745098041558 0.02305568627451242 -0.02166941176470941
0.0001933333333332581 0.01358705882352725 -0.013780392156862636
0.007556078431372805 0.007358039215685967 -0.01491411764705609
-0.0001160784313726092 0.007159607843137407 -0.007043529411763851
-0.006276470588237711 -0.007492941176466377 0.013769411764706373
-0.00033019607843140763 -0.009726274509801987 0.010056470588233052
-0.007505098039215576 0.0012776470588236634 0.006227450980391887
-0.017392941176469612 0.009307450980391662 0.008085490196078644
-0.018678823529411078 0.019610588235290136 -0.0009317647058820625
0.008456470588236157 -0.0030611764705882148 -0.00539529411764721
0.005776470588235936 0.009212549019608272 -0.01498901960784737
-0.009689019607843333 0.029015294117639492 -0.01932627450980098
0.001298431372548724 -0.00947215686274414 0.00817372549019404
0.016569411764707862 -0.010323921568630061 -0.006245490196079168
-0.006561568627452839 -0.008450196078430821 0.01501176470587879
-0.005143921568627343 -0.008506274509803863 0.013650196078432828
0.00981450980391933 -0.007021568627448624 -0.0027929411764702526
-0.007748235294119158 -0.012276078431372663 0.020024313725491766
-0.016663921568624833 0.014756078431370194 0.0019078431372547726
-0.0028125490196073215 0.013752156862746761 -0.010939607843139151
-0.007418823529412421 0.016115294117648053 -0.008696470588235599
0.0049274509803931485 -0.0026337254901960755 -0.002293725490195923
0.018383137254900178 -0.012994901960784375 -0.0053882352941182965
0.009236078431372856 -0.01679333333333328 0.00755725490196006
0.004750980392157161 -0.010619215686274004 0.0058682352941174
-0.002220392156862607 0.0011054901960783957 0.0011149019607846783
-0.014823137254902401 0.0019270588235293146 0.012896078431372528
0.013905882352944508 0.005250980392156703 -0.01915686274509804
0.006092941176469581 0.01863843137254879 -0.02473137254901779
-0.006940392156863049 0.024623529411766494 -0.017683137254900956
0.0193196078431368 -0.01687450980392058 -0.002445098039215402
0.021281176470589015 -0.02346784313725012 0.0021866666666671957
0.02111019607843174 -0.008710196078431496 -0.012400000000001413
-0.016607450980391358 -0.007385490196079277 0.023992941176465814
-0.016840784313726116 -0.0029968627450986805 0.01983764705882462
-0.00792000000000011 -0.004301176470588028 0.012221176470589934
0.001784705882353802 -0.009694509803922361 0.007909803921570924
-0.0007231372549016456 0.014337254901962231 -0.013614117647058744
-0.000532549019608617 -0.007380784313725391 0.007913333333333926
0.005635686274508791 -0.012929411764703008 0.007293725490199207
0.006475686274509889 0.002556078431372545 -0.00903176470588369
0.003751372549019797 -0.011751764705881358 0.008000392156864749
0.008823921568626634 0.0011850980392158976 -0.01000901960784066
-0.00912941176470578 0.024629411764703697 -0.01550000000000003
-0.019379999999999946 0.02429960784314477 -0.004919607843136872
0.02101294117647176 -0.006214117647058178 -0.01479882352941085
0.016852941176471174 -0.00506470588235287 -0.011788235294114971
0.007312156862745088 0.0031098039215684617 -0.010421960784312885
-0.0075670588235297424 0.0203317647058832 -0.01276470588235316
0.017816078431373773 -0.021627843137259333 0.003811764705882366
-0.02097333333333112 -0.0024278431372556798 0.02340117647058757
0.00047803921568612785 0.013531764705881183 -0.014009803921569511
0.034423529411766546 -0.03325215686274889 -0.0011713725490195921
0.0056207843137256585 -0.020141176470588506 0.014520392156865125
-0.017672156862745265 0.00696862745098101 0.010703529411764844
0.0006886274509804466 -0.03184000000000497 0.031151372549019826
-0.013374901960787283 -0.004353725490197136 0.01772862745098346
-0.007518039215686394 0.00813098039215671 -0.0006129411764704614
0.001134509803921383 -0.01140627450980442 0.01027176470588253
-0.008835686274511442 0.018212549019608684 -0.009376862745097811
0.008388235294115531 0.0018807843137251773 -0.010269019607844411
0.014929803921568311 -0.0035690196078430386 -0.01136078431372592
-0.005728235294117323 0.011794509803922791 -0.0060662745098030955
-0.005551764705882986 -0.009048627450979434 0.01460039215686046
-0.005259999999999029 -0.003456470588235106 0.008716470588236607
-0.007214117647058202 -0.005436862745098006 0.012650980392157764
-0.005008627450980372 0.016341568627451588 -0.0113329411764716
-0.007026274509803791 0.022301568627443504 -0.015275294117645027
0.00878901960784324 0.02127333333333198 -0.03006235294117727
-0.01829137254901698 -0.005005882352941002 0.023297254901961776
-0.011732549019607708 -0.00894470588235215 0.02067725490196456
-0.004743921568627255 0.0031403921568628024 0.001603529411764388
-0.001338039215686296 -0.013695686274510755 0.015033725490195738
-0.003214509803921725 -0.014590196078431542 0.017804705882351012
0.02346392156863052 -0.0055262745098016335 -0.01793764705882194
-0.008277254901960211 0.011116078431368208 -0.002838823529411166
-0.017647058823526345 0.008919607843135748 0.008727450980391412
0.007957647058822568 -0.0017211764705881935 -0.006236470588234867
-0.001024705882352888 0.015678039215683153 -0.014653333333334642
-0.015420784313725573 0.010212941176471216 0.0052078431372541215
-0.0028184313725482016 -0.008044705882352747 0.01086313725490132
0.0032105882352948052 0.0034035294117638402 -0.006614117647059626
-0.01524235294117631 0.00239215686274462 0.012850196078434182
-0.015738823529409755 -0.013548627450985269 0.029287450980389623
0.008964705882352621 0.0008098039215688833 -0.009774509803922013
0.00085450980392141 -0.007150588235293023 0.006296078431370313
0.006730196078429939 -0.014665882352943797 0.007935686274507721
0.0056050980392146794 0.0056105882352950835 -0.011215686274511787
0.009721176470588993 -0.013781960784315218 0.004060784313725467
0.011078431372550891 -0.013658039215688615 0.002579607843137364
0.007430588235293902 -0.00974039215686482 0.0023098039215689848
0.004165490196077844 0.002193333333333363 -0.006358823529412133
0.02802313725490318 -0.00563960784313692 -0.02238352941175536
-0.001103921568627453 -0.011841960784318725 0.012945882352939891
0.000334509803921706 -0.011139215686279033 0.010804705882354763
0.025709019607847602 -0.026983529411769035 0.0012745098039216357
-0.00702039215686479 0.00381725490196115 0.0032031372549017095
-0.0029984313725493566 -0.008639215686274048 0.011637647058820274
0.0018152941176469023 -0.018556862745099333 0.01674156862744934
0.001615686274509757 0.00013254901960793478 -0.0017482352941174037
-0.002180784313725105 -0.007591372549019772 0.009772156862746169
-0.0032666666666648875 -0.021650196078434197 0.02491686274510001
0.008064705882352785 -0.0035439215686273434 -0.004520784313725622
0.0023113725490197475 0.006066666666667968 -0.008378039215686504
0.005187058823529569 0.010520392156864412 -0.0157074509803919
0.011890196078432443 -0.022906274509806285 0.01101607843137177
0.01262588235294371 -0.008663137254902248 -0.003962745098040517
0.0020305882352942522 0.0015074509803925092 -0.0035380392156852303
-0.0016674509803919324 -0.008555686274508995 0.010223137254901583
0.005645098039215004 -0.0022925490196080175 -0.0033525490196076703
-0.01701294117646917 0.0026666666666667832 0.014346274509801622
0.0007470588235293468 0.0005568627450979641 -0.0013039215686268457
0.01661019607843096 0.0037035294117646867 -0.020313725490194084
-0.013795686274506822 0.011520392156860399 0.0022752941176472073
-0.009366666666666783 0.0018031372549020728 0.007563529411765338
0.0072941176470581156 -0.0047949019607834474 -0.002499215686274621
-0.0010631372549020567 0.001158039215686299 -9.490196078429843e-05
-0.015919607843136202 0.0035023529411768897 0.012417254901959626
-0.009524705882352717 0.00523294117647128 0.004291764705881983
-0.011596862745096727 0.012626274509806173 -0.0010294117647063011
-0.005043529411765838 0.005703137254902833 -0.0006596078431373419
-0.015330980392156676 0.019803921568624847 -0.00447294117647061
-0.021397254901960427 0.028694901960781977 -0.0072976470588245745
0.015099215686273499 -0.025382745098042187 0.010283529411766041
-0.0010266666666666094 -0.01052509803921393 0.011551764705881783
-0.012594509803923779 -0.011099999999999178 0.023694509803921376
-0.00551176470588194 0.014384313725489536 -0.008872549019609054
-0.0007466666666667486 0.0033729411764702954 -0.00262627450980383
-0.009823137254901781 0.012723529411766236 -0.002900392156863046
0.006103921568627517 0.019773725490192975 -0.025877647058825518
0.011584705882353212 0.020193725490199994 -0.03177843137255078
0.014486666666665307 0.01253882352941576 -0.027025490196074427
-0.009090196078432103 -0.01800313725490151 0.027093333333332394
-0.0073666666666662136 0.0024580392156862947 0.0049086274509799474
-0.008427450980394307 -0.011772941176470812 0.020200392156864325
-0.0034980392156863964 -0.002974509803922903 0.006472549019608962
-0.002650588235293807 0.009363529411766972 -0.006712941176470393
-0.012544313725490818 0.007079999999999845 0.00546431372549166
0.0023458823529411955 -0.0324603921568634 0.030114509803925393
-0.0032870588235294853 -0.015395686274508205 0.018682745098044094
-0.006356862745099326 -0.008442745098039037 0.014799607843136818
-0.003692941176470135 -0.005567450980392141 0.009260392156863195
-0.004351372549019209 -0.003930588235293483 0.00828196078431352
-0.024847450980385807 0.017106274509804207 0.007741176470587249
-0.010256078431372625 0.0212156862745089 -0.01095960784313658
0.011660000000000137 -0.011080784313725098 -0.0005792156862744692
-0.016796862745103513 0.000940392156862646 0.015856470588236936
-0.011287058823528684 0.021943529411768005 -0.010656470588234846
0.008360784313726105 -0.004088627450979957 -0.00427215686274515
-0.008747450980393975 -0.007512156862745948 0.016259607843138322
-0.008067450980391501 0.015704313725489777 -0.0076368627450990705
0.006799607843137298 -0.013214117647060701 0.0064145098039208575
0.0003501960784304209 -0.003299607843137508 0.002949411764705705
0.010740784313725403 0.008575294117648043 -0.019316078431369656
0.0059807843137252 -0.009143921568627282 0.0031631372549018365
0.004437647058823223 0.012504705882355853 -0.016942352941176367
0.012216862745100207 0.0009145098039216943 -0.01313137254901951
0.009672549019607757 -0.002783529411764494 -0.006889019607843292
0.0055250980392157365 -0.004496862745097727 -0.001028235294117731
-0.0028403921568624624 0.022032549019605014 -0.019192156862743105
-0.01152823529411646 0.024869411764699458 -0.01334117647058793
-0.00802666666666558 0.0141764705882363 -0.00614980392156829
-0.01733725490195844 -0.002325098039215839 0.0196623529411744
-0.02656117647058848 0.005688235294117805 0.020872941176473887
-0.001974901960784728 -0.007365098039215189 0.00934000000000053
0.0064352941176457155 0.0035050980392155235 -0.009940392156865839
0.0026545098039218043 0.007732549019609671 -0.010387058823531158
0.033527843137257714 -1.5686274511668929e-06 -0.033526274509809155
-0.0054647058823535195 -0.010772549019608887 0.016237254901960384
-0.005051764705882736 -0.006363529411761356 0.011415294117647225
0.029011372549021905 -0.014927058823530024 -0.014084313725491383
6.352941176458567e-05 0.0009937254901958472 -0.0010572549019604895
-0.014061960784311128 0.012536862745091127 0.0015250980392156736
0.012006666666666034 -0.001075686274509766 -0.010930980392156467
0.009110980392156147 0.00817843137254749 -0.017289411764704166
-0.0020313725490196015 0.013595686274507426 -0.011564313725487663
0.016517647058825753 -0.01419764705882368 -0.002320000000000416
-0.014404705882347156 0.015710588235290077 -0.0013058823529412645
-0.025576862745092677 0.020645098039209428 0.004931764705879967
-0.018490196078425534 -0.007087843137254246 0.02557803921568714
-0.012509411764702947 0.02509176470588159 -0.012582352941179643
-0.016742352941175532 0.019136862745093734 -0.00239450980392205
0.00035411764705880154 -0.000977254901960705 0.0006231372549019382
0.005216078431371706 0.00407686274509813 -0.009292941176471031
0.003238431372547931 -0.0012588235294134417 -0.001979607843136363
0.023171764705886496 -0.015017647058828042 -0.00815411764705829
-0.018594117647053803 0.006058039215689756 0.012536078431371852
-0.018334117647056912 0.005659215686275209 0.012674901960784432
-0.013370980392154876 0.012884705882349487 0.00048627450980398687
-0.0007474509803921042 -0.002218823529412012 0.0029662745098047593
0.002399607843136937 -0.007060392156861512 0.004660784313725146
-0.0013258823529412576 -0.006469019607838079 0.007794901960783558
-0.0004509803921570826 0.03155921568627118 -0.031108235294120403
0.008381176470588178 0.011414901960782778 -0.019796078431371617
-0.0035466666666668103 0.02050392156862526 -0.016957254901960702
-0.0047043137254916345 0.0011682352941175906 0.0035360784313727156
-0.001982745098038519 -0.014792941176472839 0.016775686274513122
-0.010340392156862598 -0.011383137254902587 0.021723529411760076
-0.014430196078429987 0.013040784313721479 0.0013894117647057997
-0.005041568627451113 0.001923529411764685 0.003118039215686015
-0.006072549019607482 0.003926666666666366 0.0021458823529410583
-0.010342352941175123 0.008597647058823191 0.0017447058823527217
-0.0043035294117648734 0.006796862745098786 -0.0024933333333331835
-0.008502745098039693 0.013080784313724359 -0.0045780392156864755
0.003946666666666486 0.01894392156862936 -0.022890588235298
0.005879607843136648 0.004786274509803505 -0.010665882352943662
-0.011331764705881764 0.017238431372547446 -0.005906666666667015
-0.00348235294117633 0.0038678431372555946 -0.0003854901960781832
0.005918431372547381 -0.015644705882351524 0.009726274509804095
-0.01635137254901513 0.013998039215683 0.0023533333333333383
-0.01066666666666525 -0.0018643137254903451 0.012530980392152512
0.00019843137254884003 -0.010423137254900563 0.010224705882350986
-0.009898823529411504 0.01686980392156882 -0.006970980392157647
0.0023941176470580056 -0.01022392156862606 0.007829803921569066
0.010862352941177125 -0.013681960784309048 0.002819607843137383
0.011185098039214223 0.006063137254902787 -0.017248235294117165
0.01697372549019549 -0.008084313725488916 -0.00888941176470603
0.01608274509803979 -0.006609411764701709 -0.009473333333334753
-0.0056490196078430146 0.011398039215688197 -0.005749019607843494
0.01823058823529482 -0.0020203921568628415 -0.016210196078434786
0.01631411764706021 -0.011146666666663948 -0.005167450980394191
-0.012109411764706278 0.003256078431372607 0.00885333333333211
-0.013014901960782511 0.01269333333333338 0.0003215686274510035
-0.0008607843137251015 -0.0037121568627455363 0.004572941176470892
-0.014463137254905464 -0.005214509803921444 0.019677647058821295
0.0007764705882353115 -0.005510980392156963 0.004734509803921788
0.014847058823529114 -0.021918039215683555 0.007070980392156287
0.005021176470588312 -0.023544313725494172 0.018523137254902892
-0.017665882352940022 0.02090235294117341 -0.003236470588235524
0.0037992156862746793 0.008057647058823461 -0.011856862745098938
-0.017201960784314737 0.02276588235294287 -0.005563921568629559
0.01365176470588205 -0.019629803921572438 0.005978039215686358
0.025423921568626464 -0.03107568627451487 0.005651764705881843
0.006482745098039337 -0.011916470588233646 0.005433725490195561
0.0046419607843131245 -0.0017968627450981529 -0.002845098039215132
0.0037741176470580257 -0.0005984313725490749 -0.003175686274509763
-0.009262745098039916 0.02842862745097718 -0.019165882352942806
0.0032372549019611145 -0.0023827450980394233 -0.0008545098039216257
-0.005032549019608654 0.005173725490196577 -0.00014117647058837972
-0.01812941176470568 0.030263529411757046 -0.012134117647058112
0.01366352941176564 -0.004554117647058657 -0.009109411764706523
0.013909019607839442 -0.010367843137252928 -0.00354117647058768
-0.0021015686274508277 0.0022960784313724057 -0.0001945098039217481
-0.005852156862745242 0.003752941176470481 0.0020992156862744697
-0.017010196078430195 0.007466666666666888 0.009543529411763995
-0.025479999999997276 0.012422352941178393 0.013057647058822697
0.0078780392156851 -0.00518509803921524 -0.002692941176470303
-0.00575725490196071 0.0030000000000005344 0.00275725490195901
-0.00387098039215905 -0.006172156862744843 0.010043137254901092
0.019880000000000963 -0.01619999999999936 -0.003680000000000435
0.0006137254901959547 -0.005085882352942077 0.00447215686274791
-0.00023294117647054723 0.004816078431372457 -0.0045831372549020285
0.008105882352942878 -0.002058823529411366 -0.0060470588235280835
0.0034494117647054894 -0.005109019607842702 0.00165960784313673
-0.009958431372549578 0.004770196078431204 0.005188235294117865
0.01968392156862919 -0.019436078431374088 -0.00024784313725476856
0.008710196078431195 -0.01602000000000127 0.007309803921569759
-0.0017913725490198214 -0.00782509803921359 0.00961647058823604
0.015085490196080362 -0.014180000000001908 -0.0009054901960779278
0.007235294117647256 -0.004174117647057407 -0.003061176470587917
0.009724313725488227 -0.0021007843137251492 -0.007623529411764419
0.011984313725488643 -0.008037647058823564 -0.003946666666666636
-0.0023129411764703355 0.003126666666666804 -0.0008137254901963421
0.00957921568627407 -0.0040619607843133025 -0.005517254901961099
-0.004661960784313607 0.005227843137256617 -0.0005658823529418074
-0.024516470588237367 0.020463137254900825 0.004053333333332924
-0.013807843137251906 0.008636862745099163 0.005170980392156441
0.00891019607843069 0.004290196078432803 -0.0132003921568614
-0.0025952941176469093 0.01116352941176283 -0.008568235294117845
0.002172941176470457 -0.0011199999999998672 -0.0010529411764705896
-0.004090196078431691 -0.007104313725488433 0.011194509803920125
-0.005972941176470377 0.006707058823529742 -0.0007341176470590716
0.0009247058823528957 -0.009799607843137619 0.008874901960784796
0.005944705882352812 -0.005564313725488672 -0.0003803921568626662
0.014780392156863977 0.00430549019607802 -0.019085882352941553
0.027384313725495185 -0.014213333333336657 -0.013170980392156043
-0.0009996078431372538 -0.01853764705882791 0.01953725490196303
-0.0008262745098039757 -0.006903137254901183 0.007729411764706116
0.02186784313725617 -0.03107686274510296 0.009209019607843793
-0.014499607843132789 0.009210196078431048 0.005289411764705412
-0.015834901960783083 0.01015098039215577 0.0056839215686276265
0.003555294117647431 -0.0022607843137255647 -0.0012945098039215384
0.026527843137255452 -0.013169803921570666 -0.013358039215687451
0.018800392156864822 -0.017976078431374734 -0.0008243137254903823
0.01522392156863104 -0.012134117647061116 -0.0030898039215694613
-5.88235294117711e-05 0.016525882352937643 -0.016467058823530216
0.004538431372548008 0.0030317647058823224 -0.007570196078431355
-0.0049337254901961015 0.007505098039215713 -0.0025713725490194
0.0023141176470588875 -0.0005768627450972065 -0.0017372549019607957
0.0015325490196080023 -0.007472941176468493 0.005940392156862364
-0.0020454901960784513 -0.007081960784312829 0.009127450980390878
0.007059999999999521 0.025074901960780174 -0.032134901960781295
0.008497647058823344 0.009255686274506356 -0.01775333333333181
0.008163921568626956 0.006692549019609668 -0.014856470588236588
-0.007490980392156879 0.0036423529411758184 0.003848627450980556
-0.0058129411764707515 0.003561960784313623 0.002250980392156902
-0.00392901960784283 0.0008988235294118472 0.003030196078431806
0.0165086274509806 -0.006187058823529131 -0.010321568627450472
0.02464196078431483 -0.013949803921568478 -0.010692156862743982
0.019964313725490623 -0.004652549019607648 -0.015311764705884556
0.004000392156862801 -0.0040929411764702665 9.254901960789754e-05
0.0011462745098040526 -0.026741960784315875 0.025595686274510546
-0.013401960784311464 -0.012773333333333962 0.026175294117643987
0.023491764705884766 -0.0033596078431371943 -0.020132156862745033
0.012498431372549017 -0.01566431372548578 0.0031658823529404556
-0.009005098039215304 0.011267058823528221 -0.0022619607843135567
0.0012309803921566136 -0.008785490196078218 0.007554509803921639
-0.0036152941176471384 -0.009202745098038381 0.012818039215684241
-0.006761176470588184 0.01288431372549134 -0.0061231372549008945
-0.0075258823529406145 0.0030235294117638718 0.004502352941176377
-0.0053105882352949664 0.0034462745098037483 0.0018643137254901398
-0.0036890196078445555 0.021553333333330812 -0.017864313725488724
0.0009039215686272963 -0.01675803921568615 0.015854117647058696
0.0066105882352945405 -0.022659215686276338 0.01604862745097954
-0.008843529411764016 -0.0028227450980397332 0.01166627450979898
0.010447058823528253 0.004358431372549108 -0.014805490196078267
0.016148627450980918 -0.007556078431371431 -0.008592549019610398
-0.004102745098039524 -0.005323137254901988 0.009425882352940453
-0.00846078431372588 0.033005490196077625 -0.024544705882356337
-0.0015309803921569806 0.0238698039215688 -0.02233882352941353
-0.02080313725490273 0.01930862745098389 0.0014945098039216734
0.007003137254901642 -0.0035003921568628454 -0.003502745098039103
0.01633764705882335 -0.01755019607843249 0.0012125490196082675
0.0020952941176468646 -0.023169019607844458 0.021073725490195195
-0.016371764705883834 0.015219607843136992 0.0011521568627446167
0.004595294117646879 -0.00971411764705846 0.005118823529412014
-0.008525882352941066 0.009005882352941197 -0.0004800000000000902
-0.0026725490196083516 0.017580784313726967 -0.014908235294119577
0.006892941176471409 -0.009405098039215071 0.0025121568627455328
-0.004452549019607773 0.021232549019601622 -0.016779999999999236
-0.008401960784316232 -0.004676470588235513 0.01307843137254946
0.005878039215685906 -0.02405764705881896 0.018179607843137293
0.002739607843137278 0.005192941176469293 -0.007932549019606983
0.011695294117646362 -0.023140392156865818 0.011445098039215652
0.006608627450979573 -0.019085882352944363 0.012477254901961981
0.010800392156861965 -0.005605490196078296 -0.005194901960784551
-0.008897254901960763 -0.002576470588235378 0.01147372549019441
-0.019112156862745974 0.006410196078432149 0.012701960784315498
-0.01948784313725438 0.013777647058826259 0.005710196078430638
0.03632509803921156 -0.01857176470588537 -0.017753333333330262
0.013485490196076283 -0.004463921568625694 -0.009021568627451614
0.012473725490193597 -0.009645490196076677 -0.0028282352941176717
0.003404705882352933 -0.01383529411764731 0.01043058823529415
-0.017441960784314054 0.008180784313725728 0.009261176470589218
-0.020463921568627495 0.0031466666666668257 0.017317254901962748
0.013684313725491329 -0.014791372549022025 0.0011070588235296316
-0.014858431372549418 -0.001127450980391888 0.015985882352940996
-0.00958941176470775 0.006182352941175984 0.00340705882353065
0.005774901960784395 0.000852941176471099 -0.006627843137254711
-0.004890196078432167 -0.004214509803921759 0.009104705882353183
-0.02519647058823394 0.01438745098039134 0.010809019607843204
0.011125098039215783 -0.0013078431372545805 -0.009817254901960915
0.0015792156862746935 -0.006253333333330481 0.004674117647058972
-0.015816862745098473 0.017221960784309997 -0.0014050980392160213
0.0008623529411760838 -0.005498823529410737 0.004636470588235311
-0.0055015686274513835 -0.002120784313725523 0.007622352941175687
-0.006297254901961848 0.0015890196078429625 0.004708235294118107
0.002939999999999828 0.007258823529412994 -0.010198823529414074
-0.011507058823531879 0.012695686274511805 -0.0011886274509805134
-0.0038639215686280953 0.003620392156863784 0.0002435294117646608
0.022160784313733167 -0.00909490196078405 -0.013065882352941715
0.004903529411763298 -0.000507058823529395 -0.004396470588235228
0.009316078431371382 -0.014097254901962184 0.004781176470587622
0.015522745098043267 -0.014339607843142602 -0.001183137254902078
-0.003918039215686329 -0.0006929411764716337 0.004610980392155821
-0.0028356862745099985 -0.010685098039216112 0.013520784313727269
-0.005168235294117746 -0.004780784313721913 0.009949019607839102
-0.004499999999999778 0.009054901960784966 -0.004554901960784183
-0.005130980392156847 -0.0010607843137249312 0.006191764705882853
-0.01245450980391906 -0.008587450980390654 0.021041960784316298
0.0015443137254908786 0.0016709803921566954 -0.003215294117647645
0.00483686274509509 -0.006930980392154252 0.002094117647058707
-0.0043313725490210465 -0.005942352941174455 0.010273725490195397
0.0014835294117646369 0.007252941176473349 -0.008736470588235342
0.013879215686278359 -0.0005031372549018885 -0.013376078431374885
-0.013632941176466693 -0.003991372549018945 0.017624313725493793
-0.014452549019607503 0.0022345098039215287 0.012218039215685947
0.0024592156862742725 -0.0063803921568615675 0.003921176470588129
-0.0020607843137254306 0.001958823529411937 0.00010196078431342033
-0.026403137254902845 0.0033631372549019736 0.023040000000004404
-0.023439999999999333 0.007761960784315712 0.015678039215689096
0.014088235294123206 -0.006647058823526494 -0.0074411764705888065
0.007238431372548286 -0.007971372549017844 0.000732941176470382
0.006680784313724848 -0.007795686274508165 0.00111490196078396
0.006933725490194869 -0.013576862745098867 0.006643137254902039
-0.006409803921568745 -0.0034423529411764984 0.00985215686274364
8.235294117588515e-06 -0.015715686274511427 0.015707450980393337
-0.01566392156862497 0.00235921568627427 0.013304705882354145
-0.02384784313725034 0.0065352941176479735 0.01731254901960823
-0.013060392156861967 0.0008431372549020989 0.012217254901961879
0.015578823529420437 -0.020265882352943666 0.004687058823529289
0.0073662745098025135 -0.015268627450984902 0.007902352941176255
0.020065490196084692 -0.01785803921568903 -0.0022074509803921534
-0.01067490196078375 0.011476470588236152 -0.0008015686274509264
-0.01756745098039168 0.010338823529413033 0.0072286274509797575
-0.010150196078430984 0.019293333333336188 -0.009143137254902558
-0.0015827450980409072 0.019920392156860162 -0.018337647058823733
-0.01758549019607613 0.014826666666665194 0.0027588235294124463
-0.017692941176464607 0.006278431372547896 0.01141450980392042
0.00888117647058738 0.003965098039215629 -0.012846274509803928
-0.007170196078433121 -0.00492588235294106 0.012096078431371905
-0.01496235294117288 -0.009403137254902804 0.024365490196079764
0.0081152941176452 0.0012662745098032206 -0.009381568627453358
0.0012592156862744187 -0.0025352941176471347 0.0012760784313727265
0.0004176470588238613 3.607843137250813e-05 -0.00045372549019666574
-0.0043003921568626575 -0.0027443137254900144 0.007044705882351737
0.0015529411764704233 -4.313725490188715e-05 -0.0015098039215685939
0.011965882352940507 -0.008878039215686296 -0.0030878431372552712
-0.0013862745098036462 -0.01811882352941639 0.019505098039220115
-0.005110588235296417 -0.011476078431370374 0.016586666666665157
0.0018074509803924935 -0.019309803921568655 0.017502352941181586
-0.012268235294116813 0.02708549019607145 -0.01481725490196061
-0.020387450980389868 0.039735686274509054 -0.019348235294120813
-0.010615686274511857 0.020899607843139108 -0.010283921568627804
0.0222109803921566 -0.024530196078433705 0.0023192156862745458
0.008826274509802973 -0.009285098039215615 0.0004588235294119635
0.017712941176469255 -0.03189333333333136 0.014180392156864655
0.0014588235294119608 -0.01005333333333431 0.008594509803921537
-0.009795686274510485 0.0010878431372549364 0.008707843137254125
-0.0037227450980392997 -0.01212549019607914 0.01584823529412267
-0.007760784313724929 0.0011270588235290004 0.0066337254901959394
-0.005682745098040148 -0.005426666666666175 0.011109411764703871
0.009519607843136896 -0.004116470588234788 -0.005403137254902616
-0.024545882352941847 0.020325490196078863 0.004220392156862553
-0.013861568627451925 -0.0031160784313722417 0.01697764705882395
0.0022941176470587295 0.0041149019607843425 -0.006409019607843244
-0.004195686274509649 0.011007058823531807 -0.006811372549020206
0.012081960784314325 -0.01788000000000082 0.005798039215685857
0.007441960784312592 0.0011180392156860028 -0.008559999999999752
-0.014207450980393417 0.019521960784313577 -0.005314509803921605
-0.0077643137254910346 0.002115294117646834 0.005649019607843462
-0.012300000000002424 0.013466666666667123 -0.0011666666666664154
-0.0019525490196088849 0.008935686274508544 -0.006983137254901853
-0.006105098039216186 0.008607058823529365 -0.0025019607843138904
-0.0036890196078426993 0.003757254901961776 -6.823529411786415e-05
0.020581568627452716 -0.005254901960784226 -0.015326666666665172
0.0055313725490189645 0.006259215686275998 -0.011790588235293617
-0.0010298039215689316 0.0047203921568633 -0.0036905882352940454
0.019347058823531223 0.004720000000001229 -0.024067058823534448
0.00572196078431337 0.0145725490196085 -0.020294509803920988
0.023892549019608734 0.003120000000000781 -0.027012549019603326
0.012263137254903729 -0.012753333333336008 0.0004901960784314419
-0.0022729411764703107 -0.0051129411764675005 0.007385882352940499
0.007919215686273661 -0.005598823529410746 -0.0023203921568626658
-0.0035247058823534385 0.018503137254899705 -0.014978431372550465
-0.0010407843137251144 0.007722352941175177 -0.0066815686274508835
-0.007212549019608908 0.022563921568624756 -0.01535137254901922
-0.006290196078431765 0.0012764705882352223 0.005013725490195898
-0.0072109803921586255 -0.010431372549018658 0.01764235294117651
-0.012206666666665839 0.0035886274509820035 0.008618039215686745
-0.007761960784314147 0.010716078431373097 -0.002954117647058934
-0.008143137254903048 -0.0009999999999999465 0.00914313725490128
0.0029305882352943413 -0.002640784313725556 -0.00028980392156867314
0.004387058823530013 -0.012947058823528465 0.008559999999999898
-0.0024717647058817866 -0.012827058823531464 0.015298823529414937
0.003499607843137299 -0.020238823529412878 0.016739215686273595
0.0068807843137237345 0.014519999999997184 -0.02140078431372403
-0.011262745098038584 0.007054509803923921 0.0042082352941181875
-0.011959607843137203 0.008171372549021411 0.0037882352941176534
-0.0014482352941182026 0.01798196078430773 -0.016533725490190714
-0.020357647058819702 0.016127450980386513 0.0042301960784315844
-0.02282392156862114 0.020771372549017623 0.002052549019607928
0.010408627450981344 -0.01789176470588614 0.00748313725490147
0.01562745098039546 -0.011700784313729975 -0.003926666666667142
0.006816862745096879 -0.011223529411766983 0.00440666666666691
0.006115294117644514 -0.012280784313731662 0.006165490196077363
0.022198431372555935 -0.0019156862745098122 -0.020282745098037226
0.012723921568631252 0.00414823529411776 -0.01687215686274341
-0.014774901960777933 0.004012156862746984 0.010762745098038314
-0.007314901960785276 0.0231215686274428 -0.015806666666666976
-0.004220392156862572 0.01601843137254563 -0.011798039215687192
0.006607843137254468 -0.0034564705882357185 -0.00315137254901939
0.008531764705882162 0.013139999999993159 -0.021671764705881016
0.00958784313725445 0.005287058823532161 -0.014874901960780939
0.0140129411764741 0.015898039215681427 -0.029910980392161668
-0.007585490196079119 0.025812156862742897 -0.01822666666666476
0.0068407843137240475 0.012884705882349258 -0.019725490196078558
0.0009462745098038968 -0.0028619607843139365 0.0019156862745097008
-0.012754901960781459 0.009176078431368705 0.0035788235294121826
-0.0031235294117647385 -0.006981176470586793 0.010104705882351751
0.009493333333333735 0.0001698039215687146 -0.009663137254900757
-0.006785882352941002 0.019341568627446324 -0.012555686274506846
0.006124313725489507 -0.004751764705881253 -0.0013725490196078995
0.006643529411763042 -0.005296470588235227 -0.001347058823529159
0.001122352941176453 0.006071372549020158 -0.007193725490195538
0.006274901960783476 -0.009247843137255799 0.0029729411764719484
0.012458823529414185 -0.002096078431372379 -0.010362745098037288
0.010821568627451672 0.005994901960788342 -0.016816470588233157
0.01659725490196266 0.00694078431372752 -0.023538039215686327
0.0016031372549018103 -0.023603529411771233 0.022000392156870933
-0.007622745098039498 -0.01563647058823548 0.023259215686281618
0.00016745098039240043 -0.013793333333333371 0.013625882352939626
0.005346274509802513 -0.010161568627452398 0.004815294117646838
-0.004586274509803955 -0.013696078431372225 0.018282352941176545
-0.004483529411765698 -0.022651372549021616 0.02713490196078715
0.019747058823531276 0.002972941176470717 -0.022719999999994175
0.011238431372550577 -0.002250196078431334 -0.008988235294118777
0.008182745098040048 -0.010816078431371803 0.0026333333333333664
-0.002242745098039108 0.021157647058821852 -0.018914901960783426
0.003837647058823241 0.007983529411762638 -0.011821176470592554
0.01376431372549182 -0.011467450980393135 -0.00229686274509797
-0.0030599999999997678 0.005660392156863099 -0.0026003921568632776
0.0030262745098042507 0.0011474509803923426 -0.004173725490195882
0.014710196078429173 -0.019700784313729403 0.004990588235294161
-0.007101568627451721 0.009863921568629645 -0.0027623529411765387
-0.004547843137255639 0.01750431372549041 -0.012956470588236306
0.004909411764705968 0.004112156862744816 -0.009021568627451392
-0.0014541176470587599 -0.00835372549019656 0.009807843137254793
-0.011146666666667499 0.00397843137255004 0.007168235294117424
0.008161176470588364 -0.022026666666666837 0.01386549019607654
4.117647058843286e-05 0.007672156862742859 -0.007713333333332372
-0.020675294117647642 0.025460784313722406 -0.004785490196078581
-0.011543137254902105 0.0024239215686274276 0.009119215686275953
0.006673725490196452 -0.003060784313725151 -0.0036129411764709175
-0.018236078431370834 0.022063137254902374 -0.003827058823529218
-0.002680784313725301 -0.003643529411764702 0.006324313725489974
0.009666274509804368 -0.0070337254901962675 -0.002632549019607212
-0.005607450980392366 0.006795294117648817 -0.0011878431372548317
0.0054149019607849 -0.00495843137254978 -0.00045647058823517715
0.003866274509803912 -0.006843921568627925 0.002977647058822449
0.005410980392155717 -0.016728627450981345 0.011317647058825916
0.011361176470587483 -0.008840784313727555 -0.0025203921568628285
-0.008567058823529072 0.019307843137255472 -0.01074078431372649
0.004969019607843345 -0.007161568627450656 0.0021925490196077293
-0.009592549019608003 0.008817254901961218 0.0007752941176474043
0.0005517647058826838 0.016822352941177145 -0.01737411764705895
0.017479215686275848 -0.006467058823528481 -0.01101215686274533
0.013250196078430648 -0.005681960784313681 -0.0075682352941181434
-0.002271372549019512 0.0074349019607834925 -0.005163529411764365
0.004632941176470308 0.00046431372549047704 -0.00509725490196141
0.0017227450980393329 -0.014134901960783819 0.0124121568627451
-0.011239215686273965 -0.0124231372549046 0.02366235294117077
-0.011783921568630106 -0.012068235294117956 0.023852156862745614
-0.010570980392159401 -0.02070470588235881 0.03127568627450852
0.008552941176471037 0.014148627450979664 -0.02270156862744799
0.004956078431371632 0.009992156862741599 -0.014948235294110341
0.021536470588236645 -0.0010207843137253886 -0.02051568627451191
-0.023472549019607325 -0.00032627450980386496 0.023798823529415012
-0.02682352941175985 0.0036090196078426523 0.023214509803920057
-0.008316078431371107 -0.0044776470588242965 0.012793725490193702
0.008232941176469017 -0.013508627450982628 0.005275686274509227
0.017401960784316634 -0.016388235294119133 -0.0010137254901959655
0.011454117647058597 -0.006661960784312613 -0.00479215686274481
-0.0010443137254899364 0.0018027450980389929 -0.0007584313725490275
0.009454901960783224 -0.013907058823530228 0.004452156862745438
0.006745490196077981 -0.005591764705882222 -0.0011537254901961263
0.00659137254901845 0.00023647058823551468 -0.006827843137255056
0.00496392156862681 -0.005703921568626043 0.0007400000000002125
0.007528235294116327 -0.0030929411764707964 -0.004435294117647047
-0.011077647058823383 0.021942352941172142 -0.010864705882353892
-0.024881176470584163 0.009990196078432672 0.01489098039215901
-0.018405098039214023 0.01690941176470363 0.0014956862745089945
0.023579999999998935 -0.001688627450980647 -0.021891372549016474
0.007650196078430768 -0.021963921568627597 0.014313725490196607
0.001172549019608313 -0.007781568627447901 0.006609019607840966
0.016673333333334695 -0.0021658823529412535 -0.014507450980392
0.006380784313724823 -0.018350980392162156 0.011970196078432057
-0.0022450980392156403 0.0010117647058819912 0.001233333333333315
-0.006870980392157735 -0.007178431372545952 0.014049411764706707
0.0018298039215685457 -0.010858039215686788 0.009028235294116727
-0.016040784313722856 0.0036741176470594513 0.012366666666667653
-0.005793333333334602 -0.008012941176469869 0.013806274509804106
0.013139607843137283 -0.003639607843137741 -0.009499999999999688
-0.01398078431372293 0.017011372549015562 -0.0030305882352939083
-0.0007533333333335606 -0.013575294117648238 0.01432862745097792
0.011440000000002185 0.006498823529415093 -0.017938823529409932
-0.006116078431373643 0.009589803921566716 -0.0034737254901968098
-0.01760509803921122 -0.016308627450987403 0.03391372549019285
-0.0018584313725481779 -0.005829411764705321 0.0076878431372545825
-0.020634509803919034 0.0018792156862745776 0.018755294117648612
0.0022847058823530025 -0.0056329411764689365 0.0033482352941175573
-0.007571764705883066 0.02128509803921716 -0.013713333333336668
0.02098078431373031 -0.009449411764705788 -0.011531372549019947
-0.006438823529414928 -0.014737254901965063 0.021176078431374666
-0.017190980392154102 0.015476862745093063 0.0017141176470587224
-0.002050588235293963 -0.009613333333333082 0.01166392156862656
0.01357058823529603 -0.02164039215686364 0.00806980392156789
0.0028137254901963588 0.015477254901958608 -0.01829098039215655
0.005230980392155649 -0.014063137254905966 0.008832156862743516
-0.0028278431372549388 -0.010748235294119597 0.013576078431373565
-0.0032270588235290775 0.014350980392154784 -0.011123921568627997
-0.007907058823530537 -0.005205098039215198 0.013112156862748173
-0.014056078431369926 -0.007893725490194441 0.021949803921569644
-0.010455686274507783 0.016037647058818938 -0.005581960784315312
-0.01552352941176367 0.009674901960780314 0.005848627450979301
-0.004637647058823068 0.00344196078431381 0.0011956862745098708
-0.00024235294117678336 0.01986588235293327 -0.019623529411761296
-0.011201176470587658 0.03118823529411087 -0.019987058823527824
0.013647058823531694 -0.007221960784308691 -0.006425098039216883
0.01060274509803998 -0.0019098039215683805 -0.00869294117647303
0.0015572549019612113 0.006096078431373551 -0.007653333333332966
0.0024149019607833783 -0.0028427450980394128 0.0004278431372549017
0.005005490196077675 -0.002358039215686432 -0.0026474509803919694
-0.005493725490196015 0.00019882352941170186 0.005294901960783801
-0.010108627450982734 0.0014164705882353254 0.008692156862744294
0.0022298039215689533 -0.005404705882353345 0.0031749019607842394
-0.004512549019608656 -0.01689725490195874 0.021409803921566366
-0.004766274509804184 0.005765882352941602 -0.0009996078431370112
0.007884313725490272 0.001896078431372814 -0.009780392156862014
-0.006219607843137417 -0.005174901960784167 0.011394509803921697
-0.012861568627452524 0.00950039215686429 0.003361176470588248
-0.0017164705882348583 0.005274901960783559 -0.0035584313725483467
-0.011258823529415584 0.006299215686276659 0.004959607843137708
-0.0018176470588237396 -0.005188235294117826 0.007005882352941294
0.00089019607843128 0.0023988235294114227 -0.0032890196078425257
0.0008643137254903535 0.010467450980393152 -0.011331764705882168
-0.0014898039215687706 -0.011820392156861974 0.013310196078431173
-0.019013725490193353 0.008819607843138183 0.010194117647059084
-0.01842352941176381 0.0048396078431369605 0.013583921568628069
0.024082352941172173 -0.024740000000000505 0.0006576470588235714
0.007608627450980501 -0.0013611764705879575 -0.006247450980392347
0.01563960784313368 -0.01452392156862665 -0.0011156862745094764
0.005036862745098348 0.006711764705882099 -0.011748627450980653
-0.005272156862745881 0.013225882352940315 -0.007953725490196087
-0.003178431372548807 0.002102352941176318 0.0010760784313725666
0.007656470588235593 -0.007577254901960424 -7.921568627456805e-05
0.005689411764706338 -0.005523921568627282 -0.0001654901960782089
0.0032521568627450273 -0.003538039215686319 0.0002858823529418084
-0.017285882352940464 0.012526666666667423 0.004759215686274139
0.0026988235294123746 0.0013403921568630075 -0.004039215686274991
-0.01329450980392456 0.009077647058824936 0.004216862745096901
-0.027068627450979953 0.01121921568627499 0.015849411764704474
0.004339215686275054 -0.0019368627450979988 -0.002402352941176751
-0.012240784313726534 -7.058823529085731e-06 0.012247843137254568
-0.023001176470590006 0.026939215686275293 -0.0039380392156862405
0.004032156862745254 0.021196862745101252 -0.025229019607846234
0.0018600000000002228 -0.0015992156862744847 -0.0002607843137255898
0.0027866666666667658 0.0068254901960784825 -0.009612156862745759
0.015150196078430088 0.007792941176471875 -0.02294313725489956
0.026304313725489494 -0.02297607843137594 -0.003328235294117719
0.001844705882353134 0.004214901960784672 -0.0060596078431377366
0.002446274509803646 0.003600000000000395 -0.006046274509803963
0.018194901960786186 -0.014523921568628901 -0.0036709803921576665
-0.008986666666667148 0.010352941176471018 -0.001366274509803986
-0.009900392156862097 0.009987058823527383 -8.666666666646628e-05
0.005668235294117728 0.014045490196075896 -0.019713725490194973
-0.005317647058823377 -0.008027058823529174 0.013344705882355106
0.011129411764707565 -0.007711372549019949 -0.0034180392156853245
0.004150196078430527 -0.0002686274509799778 -0.003881568627451035
-0.025228235294116247 0.006476470588235806 0.01875176470588568
-0.0035168627450990098 -0.0009098039215686486 0.0044266666666665355
-0.008025098039216421 0.011812549019608166 -0.0037874509803920873
0.006853333333330567 -0.0017384313725490555 -0.005114901960782624
0.00300627450980404 0.0037709803921562005 -0.006777254901962395
0.009312549019607683 0.00041607843137260887 -0.009728627450979428
0.0029937254901953067 -0.0035870588235292493 0.0005933333333335365
-0.004014509803921886 -0.0074996078431358556 0.011514117647059367
0.0005627450980391339 0.0011984313725493492 -0.0017611764705883178
-0.013398431372547428 0.0029650980392158556 0.010433333333333109
-0.022368627450979107 -0.013076078431375544 0.03544470588235539
-0.020749019607838915 0.0017294117647059428 0.019019607843137103
0.01397647058823737 -0.012839607843136383 -0.0011368627450978664
0.0010929411764704596 -0.02066313725490611 0.019570196078432966
-0.004257647058822796 0.004151372549019342 0.00010627450980375265
0.00022823529411758573 0.015523529411761485 -0.015751764705883183
0.011105490196080528 0.011713725490190166 -0.022819215686278083
-0.01053882352941193 0.03898470588236007 -0.028445882352944592
-0.019023921568622214 0.012771764705874631 0.006252156862745198
0.0018972549019614148 0.00950470588234542 -0.011401960784310165
-0.020014901960781237 0.024147058823524515 -0.004132156862745641
-0.007272549019609099 -0.005049803921567742 0.012322352941176626
0.008724705882353167 -0.0012333333333333853 -0.007491372549020345
-0.011902745098036774 0.00647176470588642 0.005430980392156851
0.008647843137255216 -0.0010247058823528933 -0.007623137254900913
0.023572549019607432 0.004012941176469832 -0.027585490196074817
0.00395215686274378 0.011079215686273694 -0.015031372549021241
0.008539999999998884 -0.029790588235293566 0.021250588235296578
-0.0005901960784314385 -0.005974509803918881 0.006564705882352353
0.02199686274510254 -0.02383254901961513 0.0018356862745092883
0.009036078431375683 -0.004166274509801467 -0.004869803921569044
-0.00029843137254916165 0.025809019607836332 -0.025510588235292907
0.01784588235294152 0.001835686274509568 -0.01968156862744653
0.0068666666666643 -0.019976470588239995 0.013109803921568294
-0.005702745098038181 0.018396862745093757 -0.012694117647057572
-0.00039843137254904395 -0.016630588235293866 0.017029019607841926
0.012243137254906694 -0.006221960784313854 -0.006021176470588064
0.0060196078431355455 0.01977647058822962 -0.025796078431367612
-0.005000784313725489 0.0017219607843133133 0.003278823529412345
0.013786274509806027 -0.019814117647064314 0.006027843137254464
0.017801568627452635 0.00458823529411764 -0.02238980392156872
0.004008235294118119 0.005784705882353831 -0.009792941176470078
0.005745098039215278 -0.018341960784317057 0.012596862745099002
0.011718431372548854 -0.0026133333333329006 -0.009105098039216254
-0.009093725490196547 0.014279215686273295 -0.005185490196078684
0.016961960784313643 -0.01324705882352821 -0.003714901960784588
0.01774509803921716 -0.01003058823529305 -0.007714509803922598
0.009846274509803186 -0.0062196078431370275 -0.0036266666666668313
-0.006229411764707789 0.003009803921568191 0.003219607843138098
-0.006406274509804968 0.005641176470590316 0.0007650980392156138
-0.012617647058823938 0.01000313725490197 0.0026145098039215002
-0.022549411764697984 0.01202352941176684 0.010525882352938594
-0.00401725490196144 0.003259215686274941 0.00075803921568617
-0.020962352941178052 -0.008773333333333 0.0297356862745055
-0.0014352941176469848 0.006258039215686973 -0.0048227450980395615
0.018486274509802177 0.0019019607843137967 -0.020388235294119313
0.001330980392156867 -0.004556078431372898 0.003225098039215677
-0.0018741176470587068 -0.0021227450980393888 0.0039968627450981805
0.01596392156862486 -0.012176470588234645 -0.0037874509803924815
-0.0007482352941177128 0.0007392156862748129 9.019607843044193e-06
0.02393098039216437 -0.022003137254906734 -0.0019278431372550951
0.023182352941184 -0.015441960784315398 -0.007740392156860786
0.005787843137255711 0.01007294117647071 -0.015860784313725392
-0.0020098039215687338 0.01065607843137198 -0.008646274509805069
-0.01210588235294122 0.019737647058821584 -0.007631764705882487
-0.02389254901960491 0.03663411764705986 -0.012741568627449074
0.01565921568627354 -0.005158039215686216 -0.010501176470588838
0.01129450980392366 0.002490588235294473 -0.013785098039216067
0.018817647058824438 -0.014065098039213419 -0.0047525490196069385
-0.0030584313725488467 -0.0065945098039218285 0.009652941176468956
-0.013486274509804814 0.0025878431372548982 0.010898431372546202
-0.004102745098038835 -0.01829176470588434 0.022394509803923053
-0.002843137254901868 0.013795686274512983 -0.010952549019611244
-0.006965490196079803 0.018027058823526624 -0.01106156862744824
-0.00796941176470615 0.004576078431372146 0.003393333333333329
0.0005788235294116988 -0.020877254901963967 0.020298431372550208
0.01657372549019423 -0.01485921568627163 -0.0017145098039213766
0.0066439215686278225 -0.016387058823528203 0.009743137254901474
-0.009231372549018775 0.00511333333333283 0.004118039215686894
0.007729803921568895 0.008421568627451064 -0.016151372549019764
0.0014039215686274633 -0.0012909803921572678 -0.00011294117646994604
0.00300078431372569 -0.016908627450978916 0.0139078431372545
0.01763843137254986 -0.012205882352939857 -0.005432549019608177
0.013820392156863306 -0.02996117647058441 0.01614078431372286
-0.014472941176471462 0.012696862745098578 0.0017760784313722968
-0.0035003921568626255 0.019301176470586594 -0.015800784313726352
0.000939607843137273 -0.00864549019607818 0.007705882352940905
0.0030098039215685577 -0.012356078431374451 0.00934627450980321
0.0023152941176469346 -0.009278039215686382 0.006962745098039362
0.0052098039215683145 -0.01417137254901809 0.00896156862745077
0.003511372549019615 -0.005352941176471366 0.0018415686274511711
-0.0005850980392158126 -0.004770196078431118 0.005355294117647237
0.003310588235294006 -0.00010392156862741933 -0.0032066666666671294
-0.008025490196078617 0.0004141176470590506 0.007611372549019802
0.0030843137254901705 0.00867647058823562 -0.01176078431372469
0.005807058823528732 0.006244705882355487 -0.012051764705881674
-0.005802745098039495 -0.010751764705883175 0.01655450980392144
0.01152627450980458 -0.002144705882352986 -0.009381568627450482
0.0018501960784313906 0.0028062745098030397 -0.00465647058823472
-0.0009843137254903884 0.0013082352941178306 -0.00032392156862711644
-0.0002019607843138975 0.007474509803922845 -0.007272549019608716
0.006113725490194756 0.0026658823529407258 -0.008779607843137928
0.007331372549019067 -0.010643529411764222 0.003312156862745124
-0.0007796078431369152 -0.009585882352941093 0.010365490196079252
0.0024564705882353065 0.0008380392156863938 -0.0032945098039216464
-0.0026921568627453797 0.027424705882343338 -0.024732549019601514
-0.012125490196078269 0.014197647058820663 -0.0020721568627451023
-0.00512156862745235 0.022431372549016504 -0.017309803921566533
0.006634901960783487 0.01354078431372359 -0.020175686274507252
-0.0007176470588234922 0.005880000000001497 -0.005162352941176372
-0.011137254901960603 0.027489019607845958 -0.016351764705878465
0.009196078431374998 -0.01722705882353517 0.008030980392156153
0.020714901960786396 -0.025645882352944342 0.004930980392156809
-0.00048235294117649635 0.0004133333333333228 6.901960784306935e-05
-0.009654509803921596 -0.008900784313725426 0.01855529411764878
0.007076862745095866 -0.012660000000003052 0.005583137254901861
-0.010982745098037976 -0.0007552941176470885 0.011738039215686806
-0.008608235294117497 -0.0058156862745081675 0.014423921568629317
0.0035525490196088856 -0.005733725490194204 0.002181176470587957
-0.012125098039213831 -0.003745490196077868 0.015870588235294213
0.0016549019607838646 -0.0012717647058807261 -0.00038313725490210244
0.01798509803921672 -0.0066556862745085635 -0.011329411764703697
0.005241176470586868 -0.008322352941175856 0.0030811764705883267
-0.010451372549016756 0.006765882352942156 0.0036854901960774898
-0.01397450980391713 0.014098039215680676 -0.0001235294117646206
-0.0011913725490196154 0.012166666666666548 -0.01097529411764833
0.007782352941175807 -0.00879450980392094 0.001012156862745082
-0.00013764705882322168 0.0016027450980423486 -0.0014650980392162936
0.0037203921568626725 -0.00186313725490215 -0.0018572549019614116
-0.0028619607843134065 -0.0007250980392158317 0.003587058823527689
-0.018057647058825416 0.012526666666664747 0.005530980392155314
-0.016564313725486772 -0.005112549019604411 0.021676862745095424
0.010810196078435523 0.007501176470589129 -0.018311372549017334
0.0017066666666664637 0.014386666666659957 -0.016093333333330257
-0.009549411764705711 0.007843137254903973 0.0017062745098038582
-0.003293333333332817 -0.017135686274514884 0.020429019607845534
0.00014117647058867197 -0.006163529411763436 0.006022352941174758
-0.00905647058823364 -0.0003756862745094176 0.009432156862747926
-0.012930196078428708 0.0033352941176471884 0.00959490196078467
-0.01095686274509659 0.012456470588235131 -0.0014996078431371324
-0.025118431372545685 0.026070980392149654 -0.0009525490196073676
-0.007467843137254255 0.00979607843137142 -0.0023282352941177134
-0.013554509803920147 0.017432156862740827 -0.003877647058823142
-0.016440784313724054 0.016099215686274503 0.0003415686274509856
0.003378823529411687 -0.012400392156863959 0.009021568627451166
-0.001055294117646819 -0.0060254901960782115 0.007080784313725506
-0.01018196078431566 0.000847058823529385 0.009334901960784979
0.015151372549020627 0.0036600000000013007 -0.018811372549019545
0.019877254901961974 0.01550431372548956 -0.03538156862745013
0.006737647058822 0.015130980392156473 -0.021868627450976827
0.009357254901958108 -0.013723921568626955 0.0043666666666664225
0.01036156862745277 -0.004870588235293629 -0.005490980392155553
0.007642745098038012 -0.015030980392156697 0.007388235294116466
-0.013132156862746085 -0.0025686274509802536 0.01570078431372864
-0.015865490196080464 0.002233333333333281 0.013632156862746032
-0.021078039215690132 0.014664705882352382 0.00641333333333028
0.018194901960785544 -0.021527450980394783 0.0033325490196087614
0.0005364705882352361 -0.0059988235294119695 0.005462352941177247
-0.01805333333333297 0.01639764705882411 0.00165568627451062
0.01738823529411727 -0.028180784313726993 0.010792549019610508
0.004434509803920733 -0.013489803921571057 0.009055294117649623
-0.008995686274509853 -0.0028443137254905476 0.01184000000000284
0.002367450980392475 0.009034509803921342 -0.011401960784314345
-0.004698039215687181 0.015404313725488906 -0.010706274509802452
-0.009542352941178125 0.006823921568626922 0.0027184313725490904
0.004372156862744759 0.012020392156865558 -0.016392549019607943
0.00020470588235275102 0.01152078431372383 -0.011725490196077588
-0.0013596078431364123 -0.005195686274509784 0.0065552941176472
0.01495294117647025 -0.006746666666664582 -0.00820627450980469
0.006642745098038262 -0.0012564705882352322 -0.005386274509804055
-0.0006800000000000431 -0.00029058823529408797 0.0009705882352940454
-0.0013415686274509495 -0.012797647058821212 0.014139215686271278
-0.004516862745099155 -0.006016078431371828 0.01053294117647613
-0.018465490196082398 0.006677647058823522 0.011787843137258808
-0.010010588235294628 -0.00965529411764686 0.019665882352940707
-0.008950196078433606 0.004985490196078359 0.003964705882353413
-0.021689019607849337 0.018444313725494828 0.0032447058823527578
-0.0011113725490200764 -0.006449411764705442 0.007560784313725938
0.001840392156862698 0.013113333333331076 -0.014953725490195966
-0.004512156862744961 0.0106368627451006 -0.006124705882354941
-2.50980392158195e-05 -0.004530980392156432 0.004556078431371279
0.0029564705882349647 0.010565882352941352 -0.013522352941174424
-0.010834117647061483 0.007952549019609283 0.0028815686274511814
-0.0001027450980391799 -0.002503137254902123 0.002605882352941865
-0.012350588235296639 0.0066650980392176816 0.005685490196078192
-0.012272156862747517 0.0165921568627486 -0.004319999999999938
-0.0109890196078419 -0.001990588235294851 0.012979607843137075
-0.026546274509800818 0.007556470588235894 0.01898980392157051
-0.015888235294118078 0.00458352941176399 0.011304705882352164
0.0075568627450969695 -0.01981058823529922 0.012253725490195976
-0.0041423529411766516 0.004410588235293993 -0.0002682352941176069
-0.010454509803921755 0.0009101960784312995 0.009544313725489426
0.0016909803921576526 0.005358431372551339 -0.007049411764706447
0.003042745098039262 0.033939607843132644 -0.03698235294117278
-0.010533333333333224 0.0278956862745047 -0.01736235294117663
0.0255556862745138 -0.0224909803921598 -0.003064705882352346
0.01844196078431503 -0.007334509803918907 -0.011107450980392791
0.021429019607843568 -0.027158431372552545 0.0057294117647037
0.005275294117645522 0.001349803921568662 -0.006625098039215787
-0.0006980392156864014 0.00730431372549066 -0.006606274509804261
-0.0025623529411763183 -0.0003823529411754119 0.002944705882353333
0.015173333333337558 -0.005716078431371449 -0.009457254901960718
0.004386666666666619 -0.00786313725490038 0.0034764705882353543
0.004399999999999214 -0.007965490196076603 0.0035654901960788413
-0.0010141176470590378 0.009814509803918965 -0.008800392156862678
-0.010449803921567002 0.006314509803923686 0.004135294117646673
-0.007254509803921842 0.009543921568624275 -0.0022894117647057873
-0.00331098039215589 -0.010103529411767094 0.01341450980392121
-0.00126745098039217 -0.008921568627455833 0.01018901960784508
-0.0043121568627449095 -0.011665882352943842 0.015978039215691745
0.0075878431372534945 0.008104313725492225 -0.015692156862746488
0.013769411764709916 0.012051764705880605 -0.025821176470589145
0.00963921568627464 0.0064360784313743325 -0.016075294117644613
0.002939999999999797 -0.0011866666666663635 -0.001753333333333346
-0.0009690196078430494 0.006437254901961589 -0.005468235294117541
0.003024705882352764 -0.01109921568627577 0.008074509803921059
-0.003249803921570833 -0.0027537254901959097 0.006003529411765144
-0.005153725490195836 -0.0018486274509804143 0.007002352941175571
0.0029458823529411845 -0.022862745098044125 0.019916862745098567
-0.019231372549016763 -0.0020619607843139582 0.021293333333330867
-0.01991176470588093 -0.0010572549019618113 0.02096901960784156
-0.008791764705882468 0.0027388235294114175 0.006052941176469879
0.018312941176473738 -0.0047905882352903 -0.013522352941175372
0.01377882352941379 -0.0027960784313722778 -0.010982745098038121
0.014425098039217375 -0.01113019607843288 -0.003294901960784502
0.020830196078432686 -0.0149321568627528 -0.00589803921568699
0.010202745098040847 -0.01939607843137387 0.009193333333333338
0.00309999999999861 -0.01988862745098963 0.016788627450984518
0.01866980392157393 0.005740000000000131 -0.02440980392157333
0.014349019607843827 -0.0064764705882347385 -0.007872549019607317
0.004699215686274565 -0.006965098039215147 0.0022658823529415743
-0.036174901960788465 0.021318039215683267 0.014856862745101706
-0.033224705882346765 0.021226666666657477 0.011998039215687319
-0.04394588235294858 0.030709803921568392 0.013236078431377757
0.0176847058823556 -0.026986274509815326 0.009301568627448539
0.028299999999997553 -0.030845882352942142 0.002545882352941336
0.012683137254903437 -0.009301568627449443 -0.003381568627451149
0.003440784313725644 -0.005436078431370566 0.001995294117646957
0.004693725490196033 -0.00521725490196055 0.0005235294117646849
0.005325098039215558 -0.004620392156862704 -0.000704705882352859
0.010874901960785268 -0.003107843137255366 -0.007767058823529634
0.0033396078431377654 0.008772549019607528 -0.01211215686274543
0.002175294117647298 0.006844313725491697 -0.009019607843137933
-0.013005490196079982 -0.003406274509803891 0.016411764705881293
-0.010183529411764541 0.003144705882352492 0.0070388235294110485
-0.01764156862744999 -0.008270196078431356 0.02591176470588521
0.0010368627450978833 0.010557254901958926 -0.011594117647056796
-0.0029835294117648565 0.013219999999999338 -0.010236470588235411
-0.00407176470588163 -0.00037921568627453966 0.004450980392157771
-0.0005811764705886729 -0.0011215686274507768 0.001702745098038606
-0.012790588235294073 0.009422745098039169 0.0033678431372550915
-0.008188627450980781 0.006594901960786148 0.0015937254901960708
0.009852156862744649 -0.0006949019607843384 -0.0091572549019608
-0.002478431372549186 0.005019215686274753 -0.002540784313725746
0.0006160784313724044 0.012033333333333533 -0.01264941176470447
-2.4705882352690087e-05 -0.010156078431374876 0.010180784313728212
-0.005801176470588511 -0.009487843137253324 0.015289019607842513
-0.009421960784313507 -0.005385098039215291 0.014807058823527423
-0.008255294117648151 0.021308627450980347 -0.013053333333333812
-0.013027058823527386 0.014058431372552365 -0.0010313725490187495
0.000781176470588241 0.007208627450983581 -0.007989803921569701
-0.00250784313725476 0.005138039215687244 -0.0026301960784310785
-0.013214901960784618 0.005249803921569452 0.007965098039215556
0.005302352941176546 -0.009900784313724953 0.004598431372548979
0.003372156862745651 0.005626666666667649 -0.008998823529411606
-0.00960901960784403 0.00983960784313475 -0.00023058823529454765
-0.015123529411765724 0.011437254901960384 0.0036862745098037285
0.03247372549020131 -0.01239960784313266 -0.0200741176470534
0.01808980392156973 -0.0102831372549012 -0.007806666666668375
0.009256078431369812 0.0015466666666666094 -0.01080274509803739
0.013820392156863618 -0.01705294117647286 0.0032325490196078717
0.0026333333333336656 -0.0057149019607853095 0.0030815686274508016
-0.005847843137254823 0.007972549019607795 -0.0021247058823526998
0.004892549019607487 -0.011519999999997326 0.006627450980391104
-0.0032752941176469753 0.00398705882352965 -0.0007117647058822934
-0.00643647058823719 0.004695294117648254 0.001741176470588198
0.005355686274508334 -0.021318039215686025 0.01596235294117536
-0.0010054901960785008 0.0005839215686275319 0.00042156862745087916
-0.004943529411763158 0.006083137254901429 -0.0011396078431370302
0.029087058823529768 -0.0041199999999999406 -0.024967058823521317
0.004974117647059188 0.008672156862745814 -0.013646274509801066
0.009805882352937726 0.024389411764706274 -0.034195294117649946
0.027333725490193722 -0.02545607843137219 -0.001877647058823503
0.012996078431373055 -0.023176470588238077 0.01018039215686432
0.01579215686274448 -0.014836470588234112 -0.0009556862745097785
0.0037741176470588466 0.0018509803921569602 -0.005625098039214986
-0.005557254901960904 0.017335686274509318 -0.01177843137254829
-0.009969411764707121 0.01002862745098185 -5.921568627454618e-05
0.011762745098039018 -0.023728627450980398 0.011965882352940377
0.00846784313725432 -0.0005521568627450712 -0.007915686274510024
-0.002407450980392533 -0.010669019607840759 0.013076470588232263
-0.020413725490195263 0.018060392156856998 0.0023533333333332087
-0.02420235294116908 0.026578823529400185 -0.002376470588234966
-0.02385960784313595 0.0007580392156861708 0.02310156862745149
0.002398039215685857 0.012394117647058769 -0.014792156862747556
0.0054705882352932235 0.008087843137256918 -0.013558431372550516
0.011123529411764988 -0.011587450980393908 0.00046392156862737273
-0.0005266666666665963 -0.010541960784316472 0.011068627450980629
-0.0003603921568626367 -0.01990901960784963 0.020269411764708416
0.0067474509803901505 -0.026135686274514375 0.019388235294120936
0.01505803921568809 0.002419607843136168 -0.017477647058821807
0.015216470588236703 -0.002771764705883394 -0.012444705882353267
0.01707450980391962 -0.006391372549018778 -0.01068313725490142
-0.009972941176468207 0.001862352941176387 0.00811058823529333
0.0012752941176472007 0.0023490196078428506 -0.0036243137254899677
0.0034545098039218724 -0.004192549019607826 0.000738039215686194
-0.009387843137252203 -0.0014552941176466227 0.01084313725489934
0.0021215686274510064 -0.004873725490193508 0.002752156862745604
0.012250196078431889 -0.018069803921571398 0.005819607843136517
0.003478039215686562 0.015135686274503476 -0.018613725490195982
0.0013227450980394715 0.017226666666662845 -0.018549411764709728
0.013524705882358613 0.002437254901959829 -0.015961960784315485
-0.013135294117640915 0.01595333333332715 -0.0028180392156860953
-0.021279999999998578 0.01611137254901365 0.005168627450979679
0.0017223529411768545 -0.006180784313724016 0.004458431372548202
0.004248627450978972 -0.009310196078431627 0.005061568627450616
0.0007423529411764839 0.003576862745100792 -0.004319215686276675
-0.0005584313725492133 0.01914509803921196 -0.018586666666664607
0.006782352941175174 0.002744705882352676 -0.00952705882352887
0.0073803921568629145 0.008203921568625747 -0.015584313725484371
0.004904705882352686 0.013017647058822194 -0.017922352941175536
0.013621568627455238 0.0011145098039215269 -0.014736078431372953
0.0034552941176469233 -0.008147843137254758 0.0046925490196079835
0.0022329411764704715 -0.008427450980390168 0.006194509803920179
-0.003063137254901832 0.017466666666662266 -0.01440352941176333
-0.008417254901961322 0.0007235294117643001 0.007693725490195896
0.0007196078431370437 0.003157254901960503 -0.0038768627450977205
0.018581176470590044 -0.014367450980395722 -0.004213725490197361
0.030432549019607607 -0.029332156862744357 -0.0011003921568625936
0.022725098039218357 -0.010092156862750362 -0.012632941176469474
0.006547843137257493 0.009253333333332772 -0.0158011764705874
0.015162745098041648 -0.0022584313725494297 -0.01290431372548686
0.017689411764708472 0.00909647058823522 -0.0267858823529451
-0.013274901960783219 0.000860392156862802 0.012414509803921732
-0.01571529411764651 -0.002278039215686576 0.017993333333333673
-0.005765882352941684 0.0012321568627451703 0.004533725490195989
0.009121568627450866 -0.011852156862748169 0.002730588235293809
0.008570980392156815 -0.007826274509802009 -0.0007447058823529928
0.019555294117652156 -0.011030196078433101 -0.008525098039216758
-0.005758823529411468 0.017129803921567308 -0.01137098039215566
0.0069180392156867705 0.01500705882352872 -0.02192509803921642
0.000763137254901291 0.012354509803921396 -0.013117647058824759
0.017842745098039233 -0.00920980392156934 -0.008632941176470694
0.022937254901960837 -0.018600784313728105 -0.004336470588234487
0.020080784313726077 -0.022636470588239452 0.002555686274510582
0.0005101960784313333 -0.005243137254901932 0.004732941176469608
-0.005986274509804281 -0.004535294117646618 0.010521568627452038
0.013765098039214569 -0.010599607843137817 -0.0031654901960783592
0.0002027450980393555 -0.0028705882352943837 0.0026678431372550286
-0.007534901960784295 -0.0053576470588223325 0.012892549019609468
0.005743137254901988 -0.006769803921568476 0.0010266666666666215
-0.007447058823531214 0.013879607843136871 -0.006432549019608511
-0.008883137254902362 0.006178039215688988 0.002705098039215151
0.009483921568627224 -0.008024313725490168 -0.001459607843137091
-0.003758431372549244 0.0005290196078430922 0.0032294117647059493
-0.005377254901960979 -0.002501568627451414 0.0078788235294119
0.013923921568626946 -0.01065490196078305 -0.0032690196078433297
0.007485490196076865 0.00633725490196051 -0.013822745098038923
-0.0050372549019612215 0.0021231372549023234 0.0029141176470591935
0.02356784313725299 -0.001569803921570024 -0.02199803921568712
-0.005930196078431588 -0.007790588235293035 0.013720784313723854
-0.028016862745095288 -0.009069411764707899 0.03708627450980318
-0.010052941176471437 -0.014998431372552279 0.02505137254902667
0.004650980392156283 0.009769803921569216 -0.014420784313727309
-0.018043137254903342 0.001007058823529654 0.01703607843137371
-0.018831372549020474 0.005353333333333197 0.013478039215688053
0.032912941176468265 -0.005922745098040332 -0.026990196078433143
0.020296470588236606 -0.023407058823525777 0.003110588235294259
0.011784705882353065 -0.011759215686275882 -2.549019607845587e-05
0.0018494117647055908 0.010954901960785168 -0.012804313725489751
-0.0019325490196081673 -0.0010717647058824619 0.0030043137254898047
-0.004232941176472219 0.0034066666666678243 0.0008262745098042162
-0.016212156862745738 0.006861960784313982 0.009350196078431567
-0.015531372549017458 0.0008290196078431663 0.014702352941176722
-0.024273333333330198 0.016881176470589985 0.007392156862743397
0.003714117647058801 -0.0013607843137250191 -0.002353333333333309
-0.002192549019608039 -0.021143137254906214 0.023335686274512282
-0.00415882352941202 -0.006860784313725206 0.011019607843137349
-0.006794901960785208 0.017576078431372433 -0.010781176470588733
-0.010361960784313595 0.00051843137254929 0.009843529411764938
-0.006427450980391844 0.009250196078430393 -0.0028227450980391855
0.003612549019608087 0.007585098039217176 -0.011197647058822929
0.006142352941174207 0.005336078431373304 -0.011478431372548972
0.006867058823529125 -0.005967058823529089 -0.0008999999999999911
-0.00480117647058834 0.002576078431372373 0.0022250980392155813
-0.0015909803921566367 0.00831098039215751 -0.006720000000002506
-0.000886666666666932 -0.006661176470589239 0.007547843137253671
-0.0023607843137250697 0.004785098039216938 -0.002424313725490657
0.0034592156862755206 0.0020882352941173532 -0.0055474509803922906
0.005027058823530297 -0.022891764705889425 0.017864705882354934
-0.009320784313721292 0.011230980392153627 -0.001910196078431391
-0.0035611764705889013 0.0031709803921572376 0.000390196078431501
0.006514509803921601 -0.02171411764705974 0.015199607843135305
-0.01451529411764395 0.014300784313719525 0.00021450980392133907
-0.011240784313725332 0.006933725490197968 0.004307058823528875
0.003459215686274152 0.000247843137255116 -0.0037070588235291147
-0.016270980392152613 0.00967529411764572 0.006595686274509773
-0.0049058823529422695 0.0012878431372545214 0.0036180392156864288
0.0035027450980390598 0.007927843137257837 -0.011430588235291434
-0.01259960784313336 0.006892549019609559 0.0057070588235295485
0.007057254901960445 0.0003109803921569777 -0.007368235294119123
0.005505490196078112 0.003281960784314151 -0.008787450980391487
-0.024020784313727693 0.007841176470588561 0.016179607843134887
-0.015620392156859038 0.001749411764705742 0.013870980392158156
-0.01046392156862841 -0.0006262745098039114 0.011090196078432502
0.013998039215692336 -0.00028823529411789315 -0.013709803921569504
0.01373568627451564 0.0024054901960784557 -0.016141176470587777
0.026441176470591767 -0.008625098039216274 -0.017816078431371018
0.000355686274509771 0.006230588235295368 -0.006586274509804569
0.0002717647058823311 0.009216862745097617 -0.009488627450979762
0.019260392156863867 -0.00508862745097836 -0.014171764705878765
0.0022945098039217743 -0.007545882352939393 0.005251372549019167
-0.002052156862744975 0.01582666666666225 -0.013774509803920584
-0.012926274509803146 0.02191529411764349 -0.008989019607844411
-0.0022274509803920832 -0.011611764705884623 0.013839215686274746
-0.00612588235294218 0.0015949019607844987 0.004530980392156645
-0.010581960784313 0.0028960784313723396 0.007685882352941009
-0.010189019607842036 0.010412549019607985 -0.00022352941176446457
-0.017659215686274606 0.008601568627451792 0.009057647058825592
-0.01043882352941299 -0.0057364705882345084 0.01617529411764977
-0.0005407843137256158 0.015048627450975589 -0.014507843137252894
-0.003983529411763376 0.0014635294117647426 0.002519999999999925
0.0025317647058831186 -0.0014031372549019707 -0.0011286274509805876
-0.01922823529411644 0.0011074509803921928 0.018120784313727576
-0.011303137254901981 -0.009496078431372025 0.02079921568627744
-0.008109411764705483 -0.005560392156862384 0.013669803921571553
-0.002893333333333408 -0.007751764705881905 0.010645098039214889
0.007992156862742988 -0.01556549019608042 0.007573333333333557
0.022496862745102913 -0.01934431372549082 -0.003152549019607885
0.008000784313725848 0.005460392156864565 -0.013461176470587657
0.003354117647058817 0.00631372549020065 -0.00966784313725445
0.019553333333336604 -0.0009078431372550604 -0.018645490196079483
-0.017376078431372132 0.003230980392156828 0.014145098039219851
-0.023386666666664054 0.008139607843137227 0.015247058823530127
-0.007526274509804061 0.0001011764705883035 0.007425098039214896
-0.0253588235294143 0.012220000000000605 0.013138823529409262
-0.020761568627453094 0.010101176470588228 0.010660392156861485
-0.014681960784311061 -0.004392941176470749 0.019074901960783278
-0.0033843137254912165 -0.001279607843137029 0.004663921568627571
-0.0018141176470597008 -0.002610196078431112 0.004424313725489752
0.006685490196079197 -0.004985882352940794 -0.001699607843137335
-0.015848627450980916 0.021600000000006427 -0.005751372549019698
-0.02159490196079071 0.017578431372549202 0.00401647058823494
0.002187843137254882 0.016489803921566525 -0.01867764705881922
0.0064188235294122716 -0.007015686274509538 0.0005968627450980256
-0.0019976470588235038 -0.014480000000001257 0.016477647058827538
0.021926666666666424 -0.007415294117644826 -0.014511372549018976
-0.01357764705882316 0.016454117647056656 -0.0028764705882358215
-0.011943921568626885 0.0027015686274507794 0.009242352941175922
0.01349254901960754 -0.0054180392156861325 -0.008074509803921695
-0.009198039215685806 0.008576078431372251 0.0006219607843138015
-0.01745019607843237 0.00251254901960772 0.01493764705882399
0.006905882352942013 -0.0012654901960784783 -0.0056403921568628
-0.008152549019608496 0.010240392156863678 -0.0020878431372554013
-0.01999529411764617 0.003040392156862829 0.016954901960784374
0.0071666666666654584 0.00635960784313765 -0.013526274509800627
0.012974117647056308 -0.011854509803919337 -0.0011196078431372936
-0.008127058823529104 -0.011164705882352828 0.01929176470588063
0.018055294117647613 -0.010521176470589299 -0.007534117647059055
0.02226705882352879 0.010086274509805912 -0.032353333333332235
0.006588235294118242 -0.0013199999999992994 -0.005268235294119166
-0.002453725490195662 0.00992862745097622 -0.007474901960781807
-0.0013952941176472882 0.023569411764704475 -0.02217411764705831
-0.00520470588235074 0.00647019607843194 -0.0012654901960783822
-0.019920784313723055 0.0053243137254906 0.014596470588234036
-0.016166274509806865 0.008243529411764356 0.007922745098039533
-0.011069411764710303 -0.008441960784313491 0.019511372549016876
-0.015180784313727878 0.002187058823529087 0.012993725490197266
-0.0038796078431372954 0.007829411764706444 -0.003949803921568147
0.00316666666666651 -0.007343529411762684 0.00417686274509741
0.003992549019607445 -0.004766666666666653 0.0007741176470585794
0.02082156862745312 0.001085882352941812 -0.021907450980390764
0.02374196078431391 -0.030381960784325684 0.00663999999999824
0.01529098039215732 -0.011559215686272007 -0.0037317647058824864
-0.0074172549019609416 0.032517254901957386 -0.025099999999999806
-0.005590980392157014 0.003580392156864002 0.002010588235293951
-0.013260392156861185 0.019143137254898804 -0.005882745098040978
-0.006161176470588372 -0.0012627450980389576 0.00742392156862691
-0.0002462745098039365 -0.01542274509803714 0.015669019607842546
0.004359607843137117 -0.025121960784316975 0.02076235294117738
-0.0020329411764710126 0.01562705882352682 -0.013594117647058932
0.007244313725489035 0.012141568627450963 -0.019385882352936163
0.01064627450980371 -0.005631372549018295 -0.0050149019607858515
-0.0017419607843140628 0.0031584313725495517 -0.0014164705882355002
0.003179607843138468 -0.006282745098039323 0.003103137254901853
0.009272549019609534 -0.021525490196082495 0.012252941176472305
-0.010655294117645068 0.01318588235293659 -0.002530588235293981
-0.002383921568627872 0.00494509803921889 -0.0025611764705873413
0.010365098039217466 -0.005590980392155984 -0.004774117647058551
-0.025980392156856713 0.01770078431371913 0.008279607843136388
-0.009823921568626636 0.0052843137254913524 0.004539607843136438
0.003803137254901662 0.007061568627451598 -0.010864705882350795
-0.020511372549015527 -0.0028733333333333866 0.023384705882352703
-0.004451372549019812 -0.006191764705881375 0.010643137254902508
0.0003874509803919005 0.004672549019608036 -0.005060000000000927
0.0014611764705880108 0.0053776470588234706 -0.006838823529412429
0.021828235294126162 0.0021388235294114264 -0.023967058823529484
0.01685960784313994 0.007803137254903304 -0.02466274509803497
-0.000553333333333402 -0.007283529411763835 0.007836862745098915
0.007883921568628044 -0.007375294117646175 -0.0005086274509801217
0.0006760784313725448 -0.006863921568626895 0.006187843137254606
-0.002540392156862788 -0.014407843137258958 0.01694823529411845
0.00221411764705904 -0.017370980392161055 0.015156862745097432
-0.0012231372549019169 -0.00895882352941329 0.01018196078431317
0.008748627450978999 -0.018574509803926498 0.009825882352939817
0.005480000000000425 -0.02124274509804087 0.015762745098040862
0.005165098039215393 -0.011134901960790956 0.005969803921568549
0.0027827450980396173 -0.016910980392162794 0.01412823529412081
-0.001154117647058905 0.011436862745095441 -0.010282745098038745
-0.02053686274509208 0.004103137254904333 0.01643372549019708
0.002270196078431189 0.002170980392156992 -0.004441176470588862
-0.003723921568628042 0.020939607843132018 -0.017215686274508073
-0.015213333333328371 0.018392156862742662 -0.0031788235294121876
-0.000413725490196367 -0.02102313725490419 0.021436862745097672
-0.007815294117647698 -0.015131764705886615 0.022947058823535
-0.008621568627450919 -0.026640000000002228 0.035261568627452756
0.01573960784314153 -0.0017011764705880952 -0.01403843137254782
0.010726274509804595 -0.0009125490196088851 -0.009813725490196346
0.012472549019609196 -0.01564039215686587 0.0031678431372537145
-0.015590980392153 0.017779215686271367 -0.002188235294117249
-0.017185882352936582 0.023970980392154822 -0.006785098039215992
-0.023807450980395724 0.014378431372544763 0.009429019607844254
-0.0018952941176464725 0.003996862745099977 -0.0021015686274509933
0.0027176470588239215 0.003961176470588578 -0.006678823529412155
0.01133568627450991 -0.016968627450982727 0.0056329411764700285
-0.014467843137253395 0.023426274509801226 -0.008958431372546628
-0.02283058823529342 0.03133411764705429 -0.008503529411763525
0.0003066666666666757 0.007365490196076677 -0.007672156862743176
0.003080784313725498 -0.0013882352941174086 -0.0016925490196080554
-0.0037878431372549296 0.00864117647058839 -0.004853333333333339
0.01642039215686513 -0.0018435294117645235 -0.01457686274509731
0.013048627450981771 -0.009166274509804145 -0.0038823529411762215
0.01632862745098027 -0.012009803921569322 -0.004318823529412336
0.025900392156863544 -0.011426274509806272 -0.0144741176470565
-0.011054901960782583 -0.005799215686274961 0.016854117647060594
-0.00603882352941343 -0.013618039215687213 0.0196568627450958
-0.0056023529411762685 -0.00842196078431321 0.014024313725489523
-0.0025756862745095845 0.0013098039215688813 0.0012658823529412423
-0.0018682352941178566 -0.015452549019608406 0.01732078431372304
-0.0024250980392155346 0.008619999999999519 -0.0061949019607852015
0.007666274509804675 -0.009012156862742345 0.0013458823529411304
0.011064313725489314 -0.02485686274510102 0.013792549019609213
0.002257254901961314 0.006923529411764597 -0.009180784313725442
0.001652941176470081 0.0064749019607849515 -0.00812784313725447
0.011565098039214385 -0.008491764705883493 -0.003073333333333533
0.006240392156864847 0.012264705882351628 -0.018505098039217224
0.010678823529411553 -0.01885686274509705 0.008178039215684817
0.012116078431373257 -0.031859215686269156 0.019743137254904508
0.02070549019607823 -0.014096470588236924 -0.006609019607843473
0.005865098039215487 -0.004218431372549192 -0.0016466666666661207
-0.006025490196077105 -0.00949450980392136 0.015520000000000948
0.011924705882352584 -0.0023266666666668765 -0.009598039215686858
0.013028235294117426 0.011527843137257434 -0.02455607843137645
-0.0030117647058823605 0.011127450980390939 -0.00811568627450964
0.008021176470589156 0.01713333333332903 -0.02515450980391833
-0.010754901960784734 0.0022133333333333467 0.008541568627450858
-0.013658039215687428 0.004926274509803922 0.008731764705883003
-0.023412941176470657 0.001450196078431351 0.0219627450980386
0.004145490196077837 -0.006711372549019213 0.0025658823529412034
0.014618431372545919 -0.004737647058824003 -0.009880784313725069
0.0004741176470588573 -0.0030168627450980075 0.0025427450980392563
0.014294117647060154 -0.0031172549019607876 -0.011176862745097722
0.022575294117649487 0.0008984313725492212 -0.02347372549019719
0.022180000000002312 0.009937254901960967 -0.03211725490195516
-0.00611176470588226 -0.0029501960784316566 0.00906196078431237
0.002185098039215651 0.0008349019607843459 -0.003019999999999716
-0.0056976470588240655 0.0169823529411785 -0.011284705882353181
0.004672941176470143 -0.008425490196077402 0.0037525490196076935
0.01333215686274564 -0.024985098039218057 0.01165294117647051
-2.1568627451763612e-05 0.0012141176470592326 -0.001192549019608561
-0.005145882352941407 0.01741725490195886 -0.012271372549019319
0.005112156862745202 -0.002590196078432264 -0.0025219607843137218
-0.008381568627450082 0.022951372549020143 -0.014569803921573787
-0.007576470588235966 0.011208235294117543 -0.003631764705882802
-0.006008627450979993 0.009973725490194867 -0.003965098039217912
0.0022937254901966623 0.003261568627450643 -0.005555294117647884
-0.008671372549016664 -0.0039098039215684725 0.012581176470586018
-0.006485098039215656 -0.00091490196078411 0.00739999999999967
0.00013568627450969838 -0.02208117647058764 0.02194549019607421
-0.00973019607842764 0.011258039215685868 -0.0015278431372550381
-0.005201960784313373 0.008944705882353157 -0.00374274509803811
0.0010454901960779315 -0.008985882352942383 0.007940392156862121
0.009797254901964392 0.007010980392157869 -0.016808235294114272
0.01833764705882286 0.005346666666667097 -0.023684313725480202
0.03234549019606963 -0.009946274509807151 -0.02239921568626507
-0.011539999999997403 -0.01604392156863198 0.027583921568623538
0.007686274509804449 -0.01899686274510073 0.011310588235294303
0.012348235294117937 -0.012801568627452936 0.00045333333333320326
-0.009605882352939164 -0.010744313725492892 0.020350196078435318
0.0047976470588231195 -0.0048266666666662555 2.9019607843177763e-05
0.0010074509803920278 0.006535686274509946 -0.007543137254902317
0.0002439215686273564 -0.00658627450980204 0.006342352941176327
0.006310196078429415 0.009498431372548622 -0.01580862745098055
-0.008387843137253964 0.011679215686269423 -0.003291372549018694
0.012432941176472981 -0.006012941176467644 -0.006420000000000855
0.007383137254902152 0.00971176470588145 -0.017094901960783285
-0.009856078431372182 0.008359215686275887 0.0014968627450976809
0.00989058823529511 -0.0015278431372548781 -0.008362745098038743
0.0025788235294118985 0.0022917647058817 -0.004870588235294167
-0.017808627450978894 0.01652705882352525 0.0012815686274506512
-0.000828627450980463 0.014630980392153837 -0.01380235294117508
-0.010216078431371926 0.011514117647056739 -0.0012980392156865732
-0.027963137254898053 0.03494745098039428 -0.006984313725490545
0.016944705882356383 -0.009388235294120478 -0.0075564705882350735
0.023077254901960515 0.009039999999998834 -0.032117254901957916
-0.0018192156862743508 0.008287450980393121 -0.006468235294117
0.015214117647061168 -0.0053294117647057805 -0.009884705882349356
0.021187058823528213 7.882352941184783e-05 -0.021265882352940146
0.004067058823528635 -0.003892549019607677 -0.00017450980392172007
0.015616078431374757 0.005174509803922668 -0.02079058823529181
0.005333725490196627 0.009581568627450864 -0.014915294117642003
0.0069094117647049485 0.0034517647058822246 -0.010361176470588155
0.019627058823531864 0.002549019607843114 -0.02217607843137468
0.006454509803918642 0.006278823529412134 -0.01273333333333192
0.0043035294117641275 -0.0004964705882356293 -0.0038070588235293067
0.004549019607843584 -0.0060513725490197465 0.001502352941176399
-0.003414901960784517 0.001891372549019183 0.0015235294117647068
-0.009803137254901796 -0.013938431372549378 0.023741568627455596
0.004670588235293718 0.005298823529412382 -0.009969411764706955
-0.0009215686274511793 0.014685490196076607 -0.013763921568626462
-0.0026737254901961524 -0.0027811764705895857 0.005454901960784934
0.002701960784313811 -0.0065647058823515665 0.003862745098038632
-0.01282588235294177 0.006001960784313317 0.006823921568628175
0.009407843137255205 -0.01245921568627508 0.0030513725490190716
-0.0008854901960785684 -0.006405490196077742 0.007290980392155592
-0.013251372549019529 0.0029356862745095647 0.010315686274510981
0.0014290196078430887 -0.000561568627451349 -0.0008674509803919484
0.016360392156866202 -0.0053478431372529864 -0.0110125490196076
0.017182352941176888 -0.006643921568626445 -0.010538431372546724
0.019164313725495968 0.0035945098039216208 -0.02275882352940605
-0.019807843137253922 0.017306666666665638 0.0025011764705888525
-0.012805490196076562 0.014791764705880053 -0.001986274509804296
-0.02345882352941228 0.03368627450979995 -0.010227450980391612
0.0036431372549017567 -0.00809450980392074 0.004451372549019419
0.006442745098040071 -0.013587058823531119 0.0071443137254892245
0.0012799999999997243 0.006723529411764378 -0.008003529411764238
-0.0003745098039215919 0.007228235294120169 -0.006853725490196549
0.008072156862744935 -0.008025882352940404 -4.627450980391049e-05
0.0004960784313725544 0.01777725490196253 -0.0182733333333343
-0.0004490196078429117 0.009578431372549826 -0.009129411764708205
0.009690196078430522 -0.004422352941176707 -0.005267843137254375
-0.0005843137254903906 0.014384705882353585 -0.013800392156863564
-0.004467058823529638 0.003988627450980634 0.00047843137254916386
0.008498431372549645 -0.013736078431372478 0.0052376470588239325
0.0023184313725492095 0.004711372549019443 -0.007029803921569756
-0.01547098039215792 0.016885098039213956 -0.0014141176470586227
-0.025880784313721938 0.006272549019608525 0.01960823529411985
-0.018177647058821255 0.024117647058821034 -0.005940000000001498
0.007530196078431798 -0.00057058823529456 -0.00695960784313704
-0.0023945098039211475 -0.0029588235294116267 0.005353333333333112
0.004287450980391954 -0.0011047058823525201 -0.003182745098040054
0.0044329411764706195 -0.0020392156862737397 -0.002393725490196375
0.0009062745098042746 0.003062352941176587 -0.003968627450980084
-0.010013725490195816 0.005368235294117909 0.004645490196077812
-0.007661568627450611 -0.012701960784313807 0.020363529411768177
0.00701215686274529 -0.0053317647058811445 -0.0016803921568634922
-0.0016403921568627718 -0.008710196078430536 0.010350588235293537
-0.011605490196078701 -0.012221568627449931 0.023827058823529364
-0.0017603921568626107 0.0038313725490196028 -0.0020709803921570282
-0.006476470588235376 0.0012341176470587576 0.005242352941176802
-0.01083921568627273 -0.02100235294117819 0.03184156862745194
-0.0011309803921568961 -0.011132941176467416 0.012263921568622578
-0.0028666666666671125 -0.007800392156862331 0.010667058823526004
-0.006892549019607344 0.015258823529407998 -0.0083662745098038
0.0052639215686275465 0.008148235294118131 -0.013412156862744364
-0.01316000000000017 0.028084313725486833 -0.014924313725488884
0.0013074509803919431 -0.017450980392159716 0.01614352941176517
0.007098823529411115 -0.02357999999999787 0.016481176470588138
-0.00882274509804015 -0.0012062745098041054 0.010029019607841643
0.0032803921568624445 -0.0011564705882351875 -0.002123921568626997
0.004884705882352378 0.009409803921567247 -0.014294509803917525
0.0053172549019615215 0.0010737254901959563 -0.006390980392156879
-0.0013019607843140742 -0.0013831372549018646 0.0026850980392150716
-0.004174509803921289 0.011410588235292334 -0.0072360784313740805
-0.0036007843137252768 -0.008713725490194852 0.012314509803922504
-0.00914666666666552 0.004374509803920971 0.004772156862744861
-0.00860431372549014 0.012543921568624961 -0.003939607843137583
-0.0023925490196079367 -0.003421960784313829 0.005814509803919861
-0.0026239215686270543 -0.0006541176470588174 0.003278039215686179
0.009321568627449968 -0.0037835294117649736 -0.005538039215685075
0.011095294117646221 -0.011633333333334217 0.0005380392156868
-0.02759686274509641 0.008767843137255545 0.01882901960784616
-0.006866666666667985 0.006280784313726719 0.000585882352941179
-0.00936274509804058 0.018085098039212887 -0.008722352941176285
-0.009259215686273442 -0.003096470588236157 0.012355686274508962
0.0052454901960782155 0.005739215686275244 -0.010984705882353197
0.0020403921568630285 0.018855294117643043 -0.020895686274508555
-0.012238039215685127 -0.004327450980392775 0.016565490196081223
-0.0028898039215688753 0.004043137254901095 -0.0011533333333333447
-0.022196470588233062 0.006384313725490155 0.015812156862746323
0.02211647058823782 -0.016910588235297994 -0.005205882352940915
0.013163529411765374 -0.0022270588235297475 -0.010936470588234546
-0.0002635294117644831 0.00281921568627495 -0.002555686274510293
-0.004367058823530257 -0.008094901960784794 0.01246196078431921
-0.014388627450978186 -0.013273725490197905 0.027662352941179785
-0.03525098039215622 0.004315686274508705 0.030935294117650503
0.023366666666669353 -0.019341568627455355 -0.004025098039217238
0.0042635294117642705 -0.02732627450981085 0.023062745098039895
-0.01856039215685827 0.004254117647060082 0.014306274509805738
-0.004219215686274866 -0.004346666666666308 0.008565882352943558
0.017321568627453994 -0.012334117647064078 -0.004987450980392635
-0.012882745098034318 -0.0014698039215685962 0.014352549019609823
-0.0015066666666667162 -0.006293725490198231 0.007800392156863367
0.010774509803924038 -0.01882627450980892 0.008051764705882411
-0.012085490196078191 -0.01962823529412165 0.031713725490196666
0.0025619607843135606 0.005286666666668046 -0.00784862745098256
-0.00021411764705896825 -0.005689019607843768 0.005903137254901746
0.00017490196078338814 -0.007430196078429543 0.007255294117647201
-0.004739215686275823 0.014763529411759763 -0.010024313725490773
-0.01451411764705591 0.010129019607841011 0.004385098039214773
-0.01165607843136863 0.004683137254901998 0.006972941176470716
0.017482745098043127 -0.005079607843136599 -0.012403137254897856
0.0015721568627455923 -0.0029607843137263775 0.001388627450980328
-0.0065549019607837496 -0.00406274509803937 0.01061764705882533
0.019123529411762995 -0.0022599999999997015 -0.01686352941176179
0.0007364705882354922 0.005814901960784552 -0.006551372549020499
-0.006949019607842747 0.008161176470588147 -0.0012121568627448164
0.014680000000002417 -0.016928627450983214 0.00224862745098024
-0.006822352941177206 -0.006940392156861258 0.013762745098040038
-0.0007031372549018968 -0.005638431372547826 0.006341568627450214
-0.002743529411765065 0.012289803921567925 -0.009546274509804878
-0.018781960784315634 0.021071764705876735 -0.0022898039215684756
-0.003950588235294041 0.020171372549015014 -0.016220784313725447
0.01029725490196071 -0.028715294117654926 0.01841803921568995
0.01192666666666671 -0.02669254901960931 0.01476588235294067
0.009070980392156827 -0.014615294117649068 0.005544313725491625
0.01824352941176722 -0.029782352941177318 0.011538823529410012
0.018570196078430124 -0.022105882352942672 0.003535686274509248
0.014509019607846889 -0.019701960784314004 0.005192941176470031
0.009882352941178599 -0.007188235294116709 -0.0026941176470582657
0.008401568627452019 0.0013576470588242528 -0.009759215686275045
0.007668235294118369 0.0005600000000003224 -0.008228235294117462
-0.02522431372549349 0.02026156862745699 0.004962745098039311
-0.024991372549021756 0.022286666666669317 0.002704705882353079
-0.02585686274510199 0.0238129411764752 0.002043921568627666
-0.0002611764705883359 -0.0043615686274508835 0.004622745098038751
-0.0004607843137259721 -0.00786470588235285 0.008325490196077527
-0.008996862745097102 -0.006972941176470701 0.015969803921569152
0.007795686274507666 0.008511372549019895 -0.016307058823529192
0.014270196078431822 -0.010382745098040602 -0.0038874509803927875
0.009892156862743215 -0.0026670588235290864 -0.007225098039216781
0.01159960784313793 0.006994117647059655 -0.018593725490196764
0.0027133333333334334 -0.00593843137254842 0.0032250980392149135
0.0029811764705877943 -0.0017070588235293884 -0.001274117647058754
0.0027501960784315294 0.0006921568627457005 -0.003442352941177266
-0.007096078431372194 -0.008752941176469874 0.015849019607840024
0.0071525490196093075 -0.01031843137254804 0.003165882352940997
0.00043137254901983005 0.0002466666666667845 -0.000678039215686392
0.003633725490196359 -0.0016925490196075949 -0.001941176470588251
0.004486666666666748 -0.006586274509803878 0.00209960784313714
-0.02174862745098085 0.004438823529412199 0.017309803921569618
-0.011545882352942634 0.0016733333333331694 0.009872549019605386
-0.008494117647056982 -0.007366666666667639 0.015860784313725104
0.000979999999999826 -0.0021929411764699575 0.0012129411764705623
0.006181176470588414 0.008389411764705621 -0.014570588235295678
0.01879490196078293 -0.008662745098038337 -0.010132156862745783
-0.0007611764705882264 -0.0039803921568626775 0.004741568627451301
0.0028443137254901725 0.007673725490196563 -0.010518039215687345
0.00974509803921629 -0.003744705882352572 -0.006000392156864079
-0.004105882352941408 0.006051764705883339 -0.0019458823529411773
-0.008074117647058397 0.014656862745096954 -0.006582745098041163
-0.013810196078430599 0.010526274509805198 0.003283921568627434
0.005409411764705696 -0.004611372549019524 -0.0007980392156862585
-0.0030650980392158693 0.005182352941176979 -0.002117254901960843
-0.004826274509805146 -0.003882352941175922 0.008708627450980983
0.0064258823529411225 -0.013207843137257069 0.006781960784313523
-0.007470196078431351 0.014935294117645553 -0.007465098039216523
0.00036509803921574855 -0.013960392156862175 0.013595294117645226
0.019852941176472357 -0.008241176470586224 -0.011611764705881942
0.005196470588233985 0.01130392156862461 -0.016500392156860604
0.0024454901960792746 -0.010891764705884047 0.008446274509802731
0.016469803921572674 -0.022487058823534026 0.00601725490195885
0.014340000000001815 -0.015091764705884424 0.0007517647058823213
0.0076811764705882295 -0.021221568627455 0.013540392156863807
-0.0006862745098037184 0.004658039215686674 -0.00397176470588273
0.011165882352944608 0.0021631372549020967 -0.013329019607842258
-0.00304352941176472 0.005324705882353508 -0.0022811764705880414
-0.002283921568627217 -0.00728862745097928 0.009572549019608384
0.015879607843140468 -0.013814901960788514 -0.0020647058823529967
-0.002321960784313681 0.010878431372548637 -0.008556470588235245
-0.012780392156859898 -0.008398823529411906 0.021179215686275333
0.00041254901960776014 -0.015415294117650412 0.015002745098039498
-0.013312156862742345 0.011185490196074314 0.0021266666666666053
0.010511372549022182 -0.005550980392154037 -0.004960392156862751
0.007867450980392533 -0.004345098039213242 -0.0035223529411764396
-0.008584705882353518 0.0033372549019605835 0.005247450980392218
0.03188862745098827 0.006092941176472151 -0.037981568627454505
0.020760392156864725 0.0004098039215689471 -0.02117019607842975
0.0018450980392155439 0.011009411764703174 -0.012854509803919634
-0.01234078431372177 0.01216431372548716 0.00017647058823538623
-0.033230980392155766 0.00044235294117654834 0.03278862745098339
-0.04082039215686415 0.01577843137254585 0.025041960784318397
0.03852431372548832 0.009836078431372828 -0.04836039215686992
0.012604313725493987 -0.0020996078431371012 -0.010504705882353554
0.009249803921569787 0.01806274509803411 -0.027312549019611797
-0.02274000000000065 0.010847843137251508 0.011892156862747937
0.00812627450980321 -0.009193725490194258 0.0010674509803920698
-0.010465098039212448 0.007905882352939049 0.0025592156862746054
-0.01512862745097684 0.020349411764700967 -0.005220784313725525
0.0033121568627452035 -0.0013141176470587677 -0.00199803921568602
-0.009253333333332227 0.0015082352941169451 0.0077450980392146365
-0.015627843137248992 0.028731764705878477 -0.013103921568627452
-0.014021960784306427 0.01129764705881433 0.002724313725490229
-0.009502352941171483 0.00904039215685495 0.0004619607843136027
0.011575294117648113 -0.011016470588235953 -0.0005588235294117735
0.003257254901961083 -0.023618823529412986 0.0203615686274502
-8.784313725447049e-05 -0.020219607843141273 0.020307450980394732
0.02153686274510215 -0.007808627450979058 -0.013728235294117465
0.011922352941178535 -0.00840352941176475 -0.0035188235294118654
0.0075498039215677794 -0.004423921568627454 -0.0031258823529412244
0.02386941176471085 -0.008807058823530018 -0.015062352941178482
0.007087058823528992 -0.008509803921568625 0.0014227450980394722
-0.00020078431372556058 0.0027149019607842872 -0.0025141176470587353
0.010064313725490931 0.0016200000000002623 -0.011684313725490187
-0.0026909803921569254 -0.006130196078427383 0.008821176470585551
-0.006178039215686255 0.0058160784313729015 0.00036196078431369595
0.002010196078431602 -0.00914745098039199 0.007137254901960933
0.0006415686274508072 -0.014147843137257216 0.013506274509805643
0.006359999999998905 -0.006775294117646794 0.0004152941176472683
-0.007982745098041569 0.0018164705882352638 0.006166274509803205
-0.008729411764705632 0.007137254901960501 0.001592156862746322
-0.004832156862746337 0.01211254901960686 -0.007280392156863163
-0.02329686274509319 0.009141960784313504 0.01415490196078459
-0.02546941176470176 0.01639372549019529 0.009075686274512721
-0.02429568627450739 0.008763137254902112 0.015532549019608159
0.007262745098037181 -0.00864196078431246 0.0013792156862747452
0.0005568627450980131 -0.002187450980391605 0.0016305882352935532
0.00822509803921468 -0.0175156862745112 0.009290588235293785
0.01586509803921656 0.0037490196078444555 -0.01961411764706121
0.01350039215686204 0.0014274509803922416 -0.014927843137252504
0.00988549019607809 -0.007389803921567381 -0.002495686274509729
-6.58823529412628e-05 0.006570588235293492 -0.006504705882353199
0.0026184313725490078 0.005407450980392201 -0.00802588235294119
-0.00040470588235266196 0.0032545098039214793 -0.0028498039215684333
-0.01573490196078404 0.0018552941176468631 0.013879607843136276
-0.016907450980392157 -0.003832549019607858 0.020740000000001122
-0.025063137254901 0.0006466666666667427 0.02441647058823827
-0.003556862745098469 0.013504313725490243 -0.00994745098039235
-0.015344705882351494 0.008668627450981936 0.006676078431371658
-0.01266235294117445 0.014055686274508046 -0.0013933333333333527
0.011468235294115977 0.0036850980392153236 -0.015153333333333992
-0.0036164705882354787 0.0025941176470588158 0.0010223529411766828
0.01286823529411721 0.0044262745098026125 -0.017294509803922255
-0.0017933333333333538 0.01676666666666656 -0.014973333333335398
-0.003550196078430602 0.004999215686274901 -0.0014490196078430998
0.01977764705882397 0.0005349019607841014 -0.02031254901960674
-0.01115607843137309 0.004247450980392678 0.006908627450980259
-0.004760392156861365 -0.006839999999999337 0.011600392156862682
0.012823137254901548 -0.012833725490196025 1.0588235294037996e-05
-0.009505098039215565 0.0029686274509798448 0.006536470588234505
-0.007994901960783838 0.010361960784314152 -0.0023670588235293172
0.012926274509801772 -0.0019047058823528564 -0.011021568627451402
-0.0062219607843152945 0.007821176470589244 -0.0015992156862745465
-0.005758039215687773 0.013454117647055109 -0.00769607843137189
0.01619137254902062 0.0003188235294115133 -0.016510196078431415
-0.002553725490195927 -0.009827450980392689 0.012381176470589013
-0.0028317647058826467 -0.006910196078430568 0.009741960784313544
0.009783921568627958 -0.024363137254906145 0.014579215686274584
-0.005669411764707161 0.005947058823531116 -0.00027764705882351307
-0.009423529411764775 0.02004156862744589 -0.010618039215684104
0.0028494117647058113 0.0005458823529411082 -0.0033952941176469886
-0.0010929411764711544 -0.010120784313726115 0.011213725490196592
-0.013507450980391696 0.019066666666664095 -0.0055592156862741835
-0.0045419607843158625 -0.008932941176470326 0.0134749019607878
0.0011964705882352433 -0.002847058823529277 0.0016505882352939659
-0.009541960784313384 0.015582352941172816 -0.006040392156862977
-0.008074901960783242 0.001299607843136196 0.006775294117647872
-0.0005431372549020829 -0.0005466666666653617 0.00108980392156824
0.004558431372547898 0.010286666666664734 -0.01484509803921332
-0.013569803921566434 0.0023305882352941567 0.011239215686273337
-0.011587450980388814 -0.004248627450977431 0.015836078431371216
0.0025745098039216996 -0.013803137254903893 0.01122862745097952
-0.01678941176470071 -0.006112156862745265 0.022901568627450672
-0.015719215686269647 0.007074901960785609 0.008644313725490153
-0.00013294117647057063 -0.0038976470588233895 0.004030588235294007
-0.02020627450980145 0.01897568627450619 0.0012305882352941812
0.011630588235297076 0.008954117647061225 -0.020584705882351728
0.025767843137255348 -0.005994117647057878 -0.01977372549019334
0.0025674509803923357 0.021474901960779297 -0.02404235294117638
0.01778431372549435 0.000614901960784496 -0.018399215686274884
0.015343921568630863 -0.004415294117645628 -0.010928627450979736
-0.003745490196078407 0.004779999999999988 -0.0010345098039215813
-0.00372313725490297 0.00946784313725096 -0.005744705882354307
-0.01795019607842991 0.0055894117647098795 0.012360784313726423
-0.024739999999997042 0.012129411764700636 0.012610588235295875
0.006401176470587971 0.0010756862745100746 -0.00747686274509963
-0.01389254901960577 -0.007597254901959922 0.02148980392156867
-0.0018388235294125078 -0.003149019607844099 0.004987843137255208
0.02054117647059362 -0.01808000000000796 -0.002461176470588188
0.0007647058823530566 -0.039129803921562636 0.03836509803921541
0.009488235294118304 -0.021412549019612055 0.011924313725491126
-0.011371764705877562 0.009332941176468155 0.0020388235294119916
0.017347843137257988 0.0018745098039222852 -0.01922235294117647
0.0012909803921568386 0.017380784313723946 -0.01867176470588486
-0.015473725490190837 -0.0021133333333327904 0.017587058823529525
0.006945490196077838 -0.0157752941176524 0.008829803921566702
-0.0008619607843137222 -0.0032203921568628537 0.0040823529411762195
-0.021698823529411153 0.01246588235294111 0.009232941176466508
-0.013809803921564362 -0.0006874509803922039 0.014497254901961423
-0.0035572549019613708 -0.0024066666666666286 0.005963921568628221
-0.014531372549010775 0.004221568627451826 0.010309803921567615
-0.01469137254901384 -0.002147058823529269 0.016838431372549246
-0.010672156862743398 0.00470156862744996 0.005970588235294603
-0.014962745098032986 0.03445843137255084 -0.019495686274509635
-0.015861960784310184 0.03499764705882601 -0.019135686274507964
-0.01736352941176124 0.042481176470598576 -0.025117647058823286
-0.025386274509799012 0.006569411764700264 0.01881686274509947
-0.021585490196082406 0.00689647058823453 0.014689019607845926
-0.025670588235293446 0.00686470588234847 0.018805882352942938
-0.011390196078426477 0.009084313725489148 0.0023058823529414855
-0.002678431372548598 -0.003600000000000569 0.006278431372548699
-0.006551764705883081 0.014923529411759114 -0.008371764705882108
0.0019560784313723155 0.018415686274506952 -0.020371764705886763
0.012136470588237946 0.008280784313725247 -0.020417254901959413
0.012116470588237085 0.01979098039215042 -0.031907450980388975
-0.01049215686274477 -0.004044705882352333 0.014536862745099483
-0.0026090196078433774 -0.005354509803920947 0.007963529411765702
-0.0021427450980391486 -0.0002874509803922051 0.002430196078431346
-0.006191372549021413 -0.008398431372547276 0.014589803921569085
0.0010290196078430807 -0.009598431372550219 0.008569411764706408
-0.006875294117647372 -0.010779607843137473 0.01765490196078376
0.016552156862750435 0.008790196078431114 -0.02534235294117927
0.006488235294118196 0.01193686274509468 -0.018425098039213928
0.01578901960784543 0.0009400000000001344 -0.016729019607842413
-0.0032372549019602363 0.009029019607842971 -0.005791764705882937
-0.016049411764704945 0.0010509803921566914 0.014998431372549689
-0.019238431372548492 -0.005859607843137221 0.025098039215690343
0.0042709803921565665 0.0038811764705885174 -0.008152156862744063
0.008692156862744958 -0.013920000000004398 0.00522784313725417
-0.009442745098038342 -0.002981960784313222 0.012424705882354546
0.008182745098039844 -4.3529411764699976e-05 -0.00813921568627377
0.014114509803922176 -0.013047058823530855 -0.0010674509803921092
-0.0030011764705881916 0.00488117647058813 -0.001880000000000049
0.01947058823529735 -0.012352156862745486 -0.007118431372548385
0.01143372549019602 -0.01368666666666849 0.0022529411764703787
0.009029411764705545 0.008207058823530431 -0.017236470588235037
0.002520000000000026 -0.010536078431372393 0.008016078431371426
-0.0077525490196075865 -0.006701568627451545 0.014454117647059476
-0.0016713725490197183 0.010859215686275035 -0.009187843137254412
0.007647450980394502 -6.666666666636462e-05 -0.007580784313726116
0.006407058823528979 -0.020183529411762352 0.013776470588237057
0.009620000000001273 0.0007949019607837933 -0.010414901960783152
0.009023137254903153 0.0009270588235295933 -0.009950196078431449
0.006837647058822235 -0.02272823529411964 0.01589058823529352
0.009740392156862456 -0.006366274509804373 -0.003374117647058663
0.017800000000002533 -0.0021294117647060844 -0.015670588235296514
0.01930470588235456 -0.013121960784313243 -0.006182745098039209
0.014707450980394181 0.0033309803921567627 -0.01803843137254934
-0.026098039215682944 0.01465803921568362 0.011439999999998677
-0.019799215686272874 0.00565215686274635 0.014147058823529771
-0.024281960784315285 0.015139215686275189 0.009142745098039712
0.012912156862747673 -0.004687058823529296 -0.008225098039215402
0.017245098039217914 -0.0016482352941169357 -0.015596862745098113
0.016276862745098708 -0.007363137254902775 -0.008913725490195796
-0.0033364705882354714 -0.008843921568627502 0.012180392156863427
0.0009988235294113939 0.0005396078431373915 -0.0015384313725491294
-0.0009721568627451588 -0.0020894117647056775 0.0030615686274509187
0.005621568627449017 -0.013671372549021427 0.00804980392156919
-0.0006584313725495522 0.016724313725488434 -0.016065882352941128
-0.002852549019608211 0.009587843137254902 -0.0067352941176472775
0.014394901960787599 -0.013948627450983025 -0.00044627450980385037
0.008799215686276984 0.012486274509802187 -0.021285490196082262
0.0068105882352947926 0.008745098039216552 -0.015555686274511076
0.007004313725488544 -0.011339607843137279 0.004335294117647033
0.0145658823529419 -0.0025501960784318966 -0.01201568627451148
-0.009415686274507675 0.012742745098036778 -0.0033270588235285005
0.0124113725490224 -0.005158823529411547 -0.0072525490196074845
0.025543529411769374 -0.0054862745098037385 -0.020057254901961794
0.0011941176470589533 0.007812156862744278 -0.009006274509803836
0.007344705882355811 0.006434509803922505 -0.013779215686278611
0.023258823529414028 -0.0022533333333333997 -0.021005490196081732
0.004404313725489663 0.015523529411764913 -0.019927843137256294
-0.0026545098039213754 -0.007623529411763917 0.010278039215685259
0.008752941176476986 -0.018407450980397314 0.00965450980392109
-0.0011266666666664333 -0.008705882352941762 0.00983254901960715
0.0023972549019608195 -0.015007058823530863 0.012609803921565467
0.00966901960784378 -0.01812078431372747 0.008451764705883016
0.0007509803921567459 -0.016990980392162028 0.01624000000000033
-0.002396470588235175 0.011432156862742864 -0.009035686274510273
0.0027396078431380895 0.0026054901960779644 -0.00534509803921596
0.002658823529411703 0.0018352941176472421 -0.004494117647059026
0.007237647058821137 0.0041250980392163305 -0.011362745098042335
0.003230196078432286 -0.008601176470587448 0.005370980392155968
0.022923137254903646 -0.011546666666667442 -0.011376470588235694
-0.008686666666667418 0.03288823529411367 -0.024201568627449627
-0.01680901960783987 0.015138431372545813 0.00167058823529404
0.006068235294117706 0.009656470588235377 -0.015724705882353102
-0.016565098039212238 0.012650196078426396 0.0039149019607839855
0.015295686274515585 0.00023294117647068016 -0.0155286274509804
0.008432941176476286 0.008569019607843821 -0.01700196078431412
-0.006325098039216825 -0.010683921568630211 0.017009019607844712
0.015865882352943558 -0.020036862745099665 0.004170980392156842
0.012810588235295605 -0.004283921568624611 -0.008526666666666096
0.013425490196080206 -0.01199686274510137 -0.0014286274509803713
0.01941725490196441 -0.01094078431372747 -0.008476470588235516
0.023523529411767267 -0.002176862745099483 -0.02134666666666548
0.001291764705882194 -0.014587058823537474 0.013295294117650134
0.0072541176470567095 -0.013485098039221488 0.006230980392154666
0.006680784313724866 -0.0004658823529408777 -0.006214901960784206
0.00712823529411707 -0.024078431372557996 0.01695019607843386
0.012219607843140046 -0.019087843137258205 0.006868235294115497
0.005698431372548884 -0.00899490196078494 0.003296470588235783
-0.006405882352941429 0.0020423529411760805 0.00436352941176481
0.00022039215686257133 0.007670980392158835 -0.007891372549020467
-0.00549568627451059 0.010818039215686512 -0.005322352941176098
0.007439607843134995 -0.009174901960786044 0.0017352941176469515
0.02001647058823978 -0.02187372549019692 0.001857254901960949
0.019617647058827164 -0.016014117647059817 -0.003603529411765613
-0.007806274509804343 0.009353333333332211 -0.0015470588235295482
0.0034098039215678414 -0.0009498039215691203 -0.002459999999999645
0.006058039215683535 -0.009228235294116576 0.003170196078431328
-0.003794117647058377 0.006365098039217213 -0.0025709803921570963
0.010085098039218834 0.00738666666666671 -0.017471764705882548
0.026323921568632863 -0.00790941176470565 -0.018414509803924794
0.005097254901959755 0.013115294117642683 -0.018212549019606405
0.008525882352942151 0.013500784313720354 -0.022026666666668325
0.021527058823532032 -0.01016470588235305 -0.011362352941178105
2.7450980390922546e-06 0.008125490196080434 -0.008128235294118723
-0.018989411764703226 0.01296196078430998 0.006027450980392213
0.001007058823529464 -0.014752156862747284 0.013745098039214284
0.0048623529411764375 0.002153725490196895 -0.007016078431372684
-0.017603529411760306 0.0034399999999999427 0.014163529411766605
-0.008938431372547543 -0.01166823529411852 0.02060666666666637
-0.006061176470589402 0.009449411764703493 -0.003388235294117749
-0.017602745098036887 0.0023243137254905185 0.01527843137255252
-0.02409137254901438 0.006261568627452046 0.0178298039215668
0.01540901960784635 -0.011604705882355244 -0.0038043137254905944
0.0059149019607838684 -0.013416862745101007 0.007501960784314176
-0.003141568627450161 -0.005724705882352324 0.008866274509804305
0.0033070588235295105 0.0015207843137248042 -0.004827843137256908
-0.013681568627450142 0.027536470588229618 -0.013854901960783877
-0.014912941176468962 0.030745098039209617 -0.015832156862745982
-0.00575058823529383 -0.013394509803923198 0.019145098039214655
-0.026034509803920663 0.009939607843136852 0.016094901960784537
-0.022652156862742967 0.012992941176470601 0.009659215686273535
0.00622627450980359 0.0007537254901958533 -0.006980000000000339
-0.004384313725492227 -0.01477176470588572 0.01915607843136806
0.007596862745097324 -0.013947450980390684 0.00635058823529432
-0.007889803921570052 0.015253333333331757 -0.007363529411764874
-0.017315294117646342 0.00041333333333316364 0.016901960784313514
-0.015712941176469233 0.012500784313724301 0.0032121568627452735
0.006780392156861788 0.017774117647053042 -0.02455450980392262
0.006938823529411059 0.0031066666666670247 -0.010045490196077566
-0.004023137254901856 0.013358431372548663 -0.009335294117646343
0.00010509803921570542 0.009725098039213863 -0.009830196078431047
0.00771921568627285 -0.004137254901960669 -0.003581960784313643
-0.0012992156862743015 -0.0017498039215692051 0.003049019607843716
0.006967843137253456 -0.0027811764705881667 -0.004186666666666655
0.0122823529411793 -0.005142745098038782 -0.007139607843137767
0.010903529411765582 -0.01790392156862906 0.007000392156862495
-0.012537647058818433 0.004541568627451677 0.007996078431373782
-0.010034509803916982 0.01511098039215293 -0.005076470588235246
-0.012510980392152869 -0.0015101960784314537 0.014021176470584408
0.001435686274509744 -0.012090980392158767 0.01065529411764646
-0.009931372549019213 0.011827450980387755 -0.001896078431372532
-0.009755686274509763 0.004574901960784336 0.005180784313726511
0.0049843137254900055 -0.02320666666666925 0.01822235294117425
0.008323137254901405 0.0005384313725491392 -0.008861568627450085
0.009070588235294535 -0.006909803921569046 -0.0021607843137258034
-0.021246274509799826 0.0007929411764706504 0.020453333333333917
-0.01257647058823377 0.011280392156859541 0.001296078431372531
-0.028193725490192174 0.015372549019606628 0.01282117647058705
-0.015308235294110408 0.003721176470587428 0.01158705882352786
0.00010235294117661939 0.012245098039211743 -0.012347450980390725
-0.023021176470583656 0.017430196078428214 0.005590980392156481
0.0030862745098041143 -0.00507137254901912 0.0019850980392156175
0.014766274509807727 -0.012343137254905729 -0.002423137254901698
0.0024521568627455057 -0.003484705882353033 0.0010325490196079808
-0.00431960784313799 0.007485490196079102 -0.003165882352941151
0.011960392156867106 -0.00691215686274429 -0.005048235294117838
0.002471764705882274 -0.007129803921567481 0.004658039215685725
-0.020614509803915843 0.0004952941176473032 0.020119215686272514
-0.008770196078430477 0.0018933333333333697 0.00687686274509811
-0.016525490196076305 0.0016262745098040692 0.014899215686277336
0.0012454901960784056 0.021355294117640006 -0.022600784313718633
0.011314117647060189 0.011668235294111056 -0.022982352941169164
0.01593372549019596 0.003954509803924314 -0.01988823529411812
-0.026395686274507016 0.023525490196080613 0.0028701960784314057
-0.031514117647054835 0.012483137254897629 0.01903098039215671
-0.009725490196075931 -0.0007854901960782272 0.010510980392157056
-0.002742352941176423 0.010947058823523181 -0.00820470588235185
-0.0058537254901971 -0.006046274509802489 0.011900000000001293
0.029461568627455508 -0.027903137254905796 -0.0015584313725488627
0.07300000000000106 -0.07130000000000102 -0.0017000000000000008
